timestamp,open,high,low,close,volume
2026-03-04 09:15:00+00:00,1.415,1.4213,1.4139,1.4181,11562496.6
2026-03-04 09:20:00+00:00,1.418,1.4205,1.4113,1.414,6649362.6
2026-03-04 09:25:00+00:00,1.414,1.415,1.4091,1.4113,3692034.5
2026-03-04 09:30:00+00:00,1.4113,1.4166,1.4103,1.4158,6644827.6
2026-03-04 09:35:00+00:00,1.4159,1.4259,1.4147,1.42,11992032.3
2026-03-04 09:40:00+00:00,1.4199,1.422,1.4172,1.4175,3236371.1
2026-03-04 09:45:00+00:00,1.4175,1.421,1.4164,1.4187,4535789.8
2026-03-04 09:50:00+00:00,1.4186,1.4215,1.4111,1.4121,7055374.9
2026-03-04 09:55:00+00:00,1.4122,1.4162,1.4109,1.4152,4516649.9
2026-03-04 10:00:00+00:00,1.4152,1.4175,1.4145,1.4153,3464814.3
2026-03-04 10:05:00+00:00,1.4153,1.4218,1.413,1.4195,5116501.6
2026-03-04 10:10:00+00:00,1.4194,1.4198,1.4165,1.4177,2102102.8
2026-03-04 10:15:00+00:00,1.4176,1.418,1.4105,1.4109,4592908.4
2026-03-04 10:20:00+00:00,1.411,1.411,1.406,1.407,7033133.5
2026-03-04 10:25:00+00:00,1.407,1.4078,1.4045,1.4069,3193779.8
2026-03-04 10:30:00+00:00,1.4069,1.4083,1.4031,1.4038,2694270.0
2026-03-04 10:35:00+00:00,1.4039,1.407,1.4036,1.4055,1789057.2
2026-03-04 10:40:00+00:00,1.4055,1.4073,1.4049,1.4067,1314953.4
2026-03-04 10:45:00+00:00,1.4067,1.4074,1.4026,1.4038,3015788.5
2026-03-04 10:50:00+00:00,1.4039,1.4078,1.4025,1.4025,1570677.4
2026-03-04 10:55:00+00:00,1.4025,1.4043,1.4015,1.4043,2279977.2
2026-03-04 11:00:00+00:00,1.4043,1.4073,1.4037,1.4063,2201760.2
2026-03-04 11:05:00+00:00,1.4063,1.4083,1.4055,1.408,1482272.8
2026-03-04 11:10:00+00:00,1.4079,1.4094,1.4078,1.4094,1501386.4
2026-03-04 11:15:00+00:00,1.4094,1.4111,1.4092,1.4103,1418591.1
2026-03-04 11:20:00+00:00,1.4103,1.4123,1.4067,1.4068,1821331.0
2026-03-04 11:25:00+00:00,1.4069,1.4076,1.4051,1.4054,1164650.3
2026-03-04 11:30:00+00:00,1.4054,1.4063,1.4007,1.4026,2274548.9
2026-03-04 11:35:00+00:00,1.4026,1.4029,1.3927,1.396,9258399.4
2026-03-04 11:40:00+00:00,1.3959,1.3995,1.3959,1.3982,2908603.3
2026-03-04 11:45:00+00:00,1.3982,1.3997,1.3965,1.3981,2064286.8
2026-03-04 11:50:00+00:00,1.398,1.4007,1.3966,1.3996,1825145.0
2026-03-04 11:55:00+00:00,1.3996,1.4002,1.3977,1.3984,1491273.2
2026-03-04 12:00:00+00:00,1.3983,1.4,1.3968,1.3977,1878804.2
2026-03-04 12:05:00+00:00,1.3978,1.3995,1.3935,1.3939,2768996.5
2026-03-04 12:10:00+00:00,1.3938,1.3954,1.393,1.3931,2072096.5
2026-03-04 12:15:00+00:00,1.3932,1.3945,1.3873,1.3888,3885062.6
2026-03-04 12:20:00+00:00,1.3887,1.3891,1.3859,1.3865,2632289.3
2026-03-04 12:25:00+00:00,1.3865,1.389,1.3848,1.3855,2994078.3
2026-03-04 12:30:00+00:00,1.3854,1.3889,1.3817,1.3888,4952208.2
2026-03-04 12:35:00+00:00,1.3888,1.3896,1.385,1.3888,2507477.3
2026-03-04 12:40:00+00:00,1.3887,1.3904,1.3874,1.3887,3041754.8
2026-03-04 12:45:00+00:00,1.3888,1.392,1.3873,1.3919,2430465.2
2026-03-04 12:50:00+00:00,1.3919,1.3919,1.39,1.3913,2242855.8
2026-03-04 12:55:00+00:00,1.3914,1.394,1.39,1.3929,3313788.1
2026-03-04 13:00:00+00:00,1.393,1.3962,1.3924,1.3944,3436771.2
2026-03-04 13:05:00+00:00,1.3945,1.4005,1.3934,1.3988,4767033.0
2026-03-04 13:10:00+00:00,1.3988,1.3999,1.3967,1.3978,2317914.0
2026-03-04 13:15:00+00:00,1.3979,1.4,1.3975,1.3984,1834621.3
2026-03-04 13:20:00+00:00,1.3983,1.4002,1.3972,1.3981,2067560.2
2026-03-04 13:25:00+00:00,1.398,1.4031,1.3979,1.3992,3440803.5
2026-03-04 13:30:00+00:00,1.3992,1.3998,1.3964,1.3988,2267310.7
2026-03-04 13:35:00+00:00,1.3987,1.4013,1.3968,1.4006,1262932.2
2026-03-04 13:40:00+00:00,1.4006,1.4014,1.3975,1.3984,2255085.7
2026-03-04 13:45:00+00:00,1.3984,1.3995,1.3977,1.3984,1439451.5
2026-03-04 13:50:00+00:00,1.3984,1.4008,1.3975,1.3997,1077271.7
2026-03-04 13:55:00+00:00,1.3997,1.4055,1.3985,1.4047,4619316.6
2026-03-04 14:00:00+00:00,1.4047,1.4064,1.4028,1.4044,2037240.3
2026-03-04 14:05:00+00:00,1.4043,1.4083,1.403,1.4045,2981488.4
2026-03-04 14:10:00+00:00,1.4045,1.4089,1.4045,1.4086,2151635.1
2026-03-04 14:15:00+00:00,1.4087,1.411,1.404,1.4072,3936343.0
2026-03-04 14:20:00+00:00,1.4072,1.408,1.4048,1.4061,1321646.2
2026-03-04 14:25:00+00:00,1.406,1.409,1.4051,1.408,1499589.4
2026-03-04 14:30:00+00:00,1.4081,1.4252,1.4071,1.4235,14423892.0
2026-03-04 14:35:00+00:00,1.4236,1.4242,1.4104,1.4162,9797213.8
2026-03-04 14:40:00+00:00,1.4163,1.4183,1.4076,1.4081,8968511.8
2026-03-04 14:45:00+00:00,1.4082,1.413,1.4035,1.4127,8326105.2
2026-03-04 14:50:00+00:00,1.4127,1.4155,1.4079,1.4145,3577342.3
2026-03-04 14:55:00+00:00,1.4145,1.4156,1.4108,1.4127,2264977.8
2026-03-04 15:00:00+00:00,1.4127,1.422,1.4121,1.4138,8865706.8
2026-03-04 15:05:00+00:00,1.4139,1.4234,1.413,1.4199,5332032.4
2026-03-04 15:10:00+00:00,1.42,1.4212,1.416,1.4171,3871775.9
2026-03-04 15:15:00+00:00,1.417,1.4245,1.4167,1.4239,2977063.1
2026-03-04 15:20:00+00:00,1.424,1.4358,1.4237,1.4275,12876085.1
2026-03-04 15:25:00+00:00,1.4275,1.4466,1.4271,1.4462,15939698.1
2026-03-04 15:30:00+00:00,1.4462,1.448,1.4405,1.4428,10415630.6
2026-03-04 15:35:00+00:00,1.4427,1.4475,1.4403,1.4404,5211749.5
2026-03-04 15:40:00+00:00,1.4405,1.446,1.4396,1.4431,4567859.2
2026-03-04 15:45:00+00:00,1.4432,1.4507,1.4428,1.4486,4996812.4
2026-03-04 15:50:00+00:00,1.4485,1.4584,1.4483,1.4567,9496777.2
2026-03-04 15:55:00+00:00,1.4568,1.4635,1.4561,1.4623,8494257.6
2026-03-04 16:00:00+00:00,1.4622,1.4721,1.457,1.4594,12595626.4
2026-03-04 16:05:00+00:00,1.4595,1.4627,1.4542,1.4554,9463987.5
2026-03-04 16:10:00+00:00,1.4554,1.4575,1.4502,1.4505,9529780.6
2026-03-04 16:15:00+00:00,1.4505,1.4531,1.4471,1.4497,6662935.3
2026-03-04 16:20:00+00:00,1.4497,1.4501,1.4392,1.4404,8197941.4
2026-03-04 16:25:00+00:00,1.4403,1.4507,1.4401,1.4492,4103603.6
2026-03-04 16:30:00+00:00,1.4493,1.4521,1.4464,1.4508,2720042.3
2026-03-04 16:35:00+00:00,1.4508,1.4533,1.4486,1.4517,2413089.3
2026-03-04 16:40:00+00:00,1.4517,1.4553,1.4509,1.4509,2294491.5
2026-03-04 16:45:00+00:00,1.451,1.4515,1.4462,1.4479,2715865.7
2026-03-04 16:50:00+00:00,1.4479,1.4516,1.447,1.4502,1590109.6
2026-03-04 16:55:00+00:00,1.4501,1.452,1.4483,1.4494,1733470.0
2026-03-04 17:00:00+00:00,1.4495,1.4549,1.4467,1.4531,3054277.2
2026-03-04 17:05:00+00:00,1.453,1.4532,1.4473,1.4505,2787818.6
2026-03-04 17:10:00+00:00,1.4505,1.4539,1.4487,1.4489,3458736.9
2026-03-04 17:15:00+00:00,1.449,1.4535,1.4421,1.4425,4905469.6
2026-03-04 17:20:00+00:00,1.4425,1.4427,1.4351,1.4367,7830264.9
2026-03-04 17:25:00+00:00,1.4368,1.4386,1.4363,1.4374,2488817.9
2026-03-04 17:30:00+00:00,1.4375,1.445,1.4375,1.4428,2973191.9
2026-03-04 17:35:00+00:00,1.4428,1.4471,1.4425,1.4453,1726497.7
2026-03-04 17:40:00+00:00,1.4453,1.4467,1.4434,1.4442,2379306.9
2026-03-04 17:45:00+00:00,1.4442,1.4453,1.4413,1.4442,1927553.0
2026-03-04 17:50:00+00:00,1.4442,1.4452,1.4398,1.4426,2961728.7
2026-03-04 17:55:00+00:00,1.4425,1.4439,1.4418,1.4421,1110178.3
2026-03-04 18:00:00+00:00,1.4422,1.4436,1.4407,1.443,1636522.3
2026-03-04 18:05:00+00:00,1.4429,1.4449,1.4399,1.4429,2086524.8
2026-03-04 18:10:00+00:00,1.4429,1.4433,1.4358,1.4396,3307756.1
2026-03-04 18:15:00+00:00,1.4395,1.4457,1.439,1.4443,2343570.4
2026-03-04 18:20:00+00:00,1.4443,1.4455,1.4436,1.4439,1010156.2
2026-03-04 18:25:00+00:00,1.4438,1.4452,1.4432,1.444,850998.0
2026-03-04 18:30:00+00:00,1.444,1.4453,1.4408,1.4415,1899810.5
2026-03-04 18:35:00+00:00,1.4414,1.4421,1.4391,1.4413,1346676.4
2026-03-04 18:40:00+00:00,1.4413,1.446,1.4412,1.4455,1545773.6
2026-03-04 18:45:00+00:00,1.4454,1.4516,1.4452,1.4513,3209782.8
2026-03-04 18:50:00+00:00,1.4513,1.4562,1.4511,1.4526,2751206.6
2026-03-04 18:55:00+00:00,1.4525,1.454,1.4512,1.454,1578350.2
2026-03-04 19:00:00+00:00,1.4539,1.4566,1.4516,1.4523,3699769.9
2026-03-04 19:05:00+00:00,1.4523,1.4579,1.4519,1.4546,2330977.8
2026-03-04 19:10:00+00:00,1.4545,1.4628,1.4543,1.4609,4277837.0
2026-03-04 19:15:00+00:00,1.4609,1.4682,1.4597,1.4675,4132620.8
2026-03-04 19:20:00+00:00,1.4675,1.469,1.4548,1.457,6547813.0
2026-03-04 19:25:00+00:00,1.4569,1.4592,1.456,1.4587,2375468.8
2026-03-04 19:30:00+00:00,1.4587,1.4609,1.4575,1.459,1435312.3
2026-03-04 19:35:00+00:00,1.459,1.4645,1.4586,1.4639,1929692.5
2026-03-04 19:40:00+00:00,1.464,1.4695,1.4636,1.4681,4227597.7
2026-03-04 19:45:00+00:00,1.4681,1.4682,1.4644,1.4651,1830014.1
2026-03-04 19:50:00+00:00,1.4652,1.4652,1.4597,1.4621,1898578.8
2026-03-04 19:55:00+00:00,1.4622,1.4622,1.4558,1.4558,1941928.6
2026-03-04 20:00:00+00:00,1.4559,1.4571,1.4519,1.4545,3315806.5
2026-03-04 20:05:00+00:00,1.4545,1.4563,1.449,1.4498,3531172.1
2026-03-04 20:10:00+00:00,1.4499,1.4567,1.4489,1.4554,3676945.0
2026-03-04 20:15:00+00:00,1.4554,1.4599,1.4553,1.4561,2657970.3
2026-03-04 20:20:00+00:00,1.4561,1.4583,1.4547,1.4574,2178015.6
2026-03-04 20:25:00+00:00,1.4575,1.4636,1.457,1.4615,2900720.8
2026-03-04 20:30:00+00:00,1.4616,1.4616,1.4574,1.4609,3615280.5
2026-03-04 20:35:00+00:00,1.4608,1.464,1.4606,1.4627,2372909.0
2026-03-04 20:40:00+00:00,1.4628,1.4649,1.4624,1.4626,1579675.3
2026-03-04 20:45:00+00:00,1.4625,1.4644,1.4618,1.4626,1138522.1
2026-03-04 20:50:00+00:00,1.4627,1.4627,1.4573,1.4575,2165542.0
2026-03-04 20:55:00+00:00,1.4575,1.4616,1.4548,1.4588,7233041.2
2026-03-04 21:00:00+00:00,1.4588,1.4597,1.4536,1.4551,2906352.6
2026-03-04 21:05:00+00:00,1.455,1.4561,1.453,1.4551,1667457.8
2026-03-04 21:10:00+00:00,1.4551,1.4553,1.4522,1.453,2490404.0
2026-03-04 21:15:00+00:00,1.453,1.4533,1.4485,1.45,3421239.6
2026-03-04 21:20:00+00:00,1.45,1.4511,1.4474,1.4484,1469036.4
2026-03-04 21:25:00+00:00,1.4485,1.4495,1.4471,1.4475,1519420.6
2026-03-04 21:30:00+00:00,1.4475,1.4477,1.4446,1.4447,1670172.6
2026-03-04 21:35:00+00:00,1.4446,1.4498,1.444,1.4493,2081068.6
2026-03-04 21:40:00+00:00,1.4492,1.4492,1.4463,1.4478,674896.8
2026-03-04 21:45:00+00:00,1.4479,1.4497,1.4468,1.4478,917429.0
2026-03-04 21:50:00+00:00,1.4479,1.4503,1.4466,1.4466,840305.3
2026-03-04 21:55:00+00:00,1.4465,1.4474,1.4452,1.4467,770457.1
2026-03-04 22:00:00+00:00,1.4468,1.4535,1.4467,1.4518,1632192.3
2026-03-04 22:05:00+00:00,1.4519,1.4521,1.4482,1.4498,1091295.4
2026-03-04 22:10:00+00:00,1.4499,1.4521,1.4467,1.4485,1258771.8
2026-03-04 22:15:00+00:00,1.4485,1.449,1.4469,1.4473,889817.9
2026-03-04 22:20:00+00:00,1.4473,1.4512,1.4473,1.4499,1582020.0
2026-03-04 22:25:00+00:00,1.45,1.4507,1.4472,1.4472,756241.0
2026-03-04 22:30:00+00:00,1.4472,1.4478,1.4437,1.4442,1194710.8
2026-03-04 22:35:00+00:00,1.4442,1.4443,1.4388,1.442,3248830.3
2026-03-04 22:40:00+00:00,1.4419,1.4426,1.4365,1.438,2513304.7
2026-03-04 22:45:00+00:00,1.4379,1.438,1.4352,1.4365,2009422.5
2026-03-04 22:50:00+00:00,1.4365,1.4366,1.4327,1.4331,3588689.5
2026-03-04 22:55:00+00:00,1.433,1.433,1.426,1.4298,5237235.1
2026-03-04 23:00:00+00:00,1.4297,1.4339,1.4269,1.4301,3906279.3
2026-03-04 23:05:00+00:00,1.4301,1.4325,1.4292,1.4307,1791438.2
2026-03-04 23:10:00+00:00,1.4307,1.4318,1.4302,1.4311,1022690.0
2026-03-04 23:15:00+00:00,1.4311,1.4329,1.4284,1.4292,1814168.9
2026-03-04 23:20:00+00:00,1.4291,1.4291,1.4231,1.4281,6229754.5
2026-03-04 23:25:00+00:00,1.4281,1.4284,1.4246,1.4251,1223140.2
2026-03-04 23:30:00+00:00,1.4251,1.4256,1.4154,1.418,7259906.1
2026-03-04 23:35:00+00:00,1.4181,1.4299,1.417,1.4279,6149462.0
2026-03-04 23:40:00+00:00,1.4278,1.431,1.427,1.4299,1816854.1
2026-03-04 23:45:00+00:00,1.4299,1.4327,1.4296,1.4301,1612488.9
2026-03-04 23:50:00+00:00,1.43,1.4302,1.4286,1.4293,941430.7
2026-03-04 23:55:00+00:00,1.4294,1.4316,1.429,1.4302,1132614.5
2026-03-05 00:00:00+00:00,1.4302,1.4332,1.429,1.4294,2465704.2
2026-03-05 00:05:00+00:00,1.4294,1.4305,1.426,1.4264,2049072.4
2026-03-05 00:10:00+00:00,1.4263,1.4297,1.4259,1.4294,1207451.1
2026-03-05 00:15:00+00:00,1.4293,1.4338,1.4284,1.4326,3316892.5
2026-03-05 00:20:00+00:00,1.4325,1.4336,1.4297,1.4311,1505252.6
2026-03-05 00:25:00+00:00,1.4311,1.4314,1.4254,1.4272,1738030.7
2026-03-05 00:30:00+00:00,1.4272,1.4274,1.4229,1.4245,3159413.5
2026-03-05 00:35:00+00:00,1.4244,1.4274,1.4228,1.4257,2937408.1
2026-03-05 00:40:00+00:00,1.4257,1.4294,1.4256,1.4287,1643587.9
2026-03-05 00:45:00+00:00,1.4286,1.4309,1.4276,1.4296,1347650.6
2026-03-05 00:50:00+00:00,1.4296,1.4306,1.4256,1.4278,1027552.4
2026-03-05 00:55:00+00:00,1.4277,1.4289,1.4261,1.4261,907380.3
2026-03-05 01:00:00+00:00,1.4261,1.4271,1.4229,1.4252,1261939.4
2026-03-05 01:05:00+00:00,1.4252,1.431,1.4247,1.4304,1380970.1
2026-03-05 01:10:00+00:00,1.4304,1.436,1.4286,1.4315,4454084.1
2026-03-05 01:15:00+00:00,1.4315,1.4327,1.4264,1.4266,2373069.5
2026-03-05 01:20:00+00:00,1.4266,1.4289,1.4233,1.426,2689287.7
2026-03-05 01:25:00+00:00,1.426,1.4282,1.4256,1.4266,705464.7
2026-03-05 01:30:00+00:00,1.4266,1.4266,1.4225,1.4244,1106535.9
2026-03-05 01:35:00+00:00,1.4244,1.4262,1.4235,1.4241,1149698.8
2026-03-05 01:40:00+00:00,1.4241,1.4252,1.4188,1.4216,2409167.2
2026-03-05 01:45:00+00:00,1.4216,1.4222,1.419,1.4195,1531484.6
2026-03-05 01:50:00+00:00,1.4195,1.4202,1.4166,1.4182,2885541.3
2026-03-05 01:55:00+00:00,1.4183,1.4187,1.4149,1.4186,3049425.6
2026-03-05 02:00:00+00:00,1.4185,1.4244,1.4181,1.4224,2800791.1
2026-03-05 02:05:00+00:00,1.4225,1.428,1.4214,1.4254,2777288.7
2026-03-05 02:10:00+00:00,1.4255,1.4275,1.4236,1.4262,1157791.0
2026-03-05 02:15:00+00:00,1.4263,1.428,1.425,1.4255,893684.3
2026-03-05 02:20:00+00:00,1.4255,1.4265,1.4244,1.4249,873895.1
2026-03-05 02:25:00+00:00,1.4249,1.4249,1.4235,1.4242,692443.4
2026-03-05 02:30:00+00:00,1.4242,1.4242,1.4191,1.4194,1266429.2
2026-03-05 02:35:00+00:00,1.4193,1.42,1.4167,1.4172,1433620.5
2026-03-05 02:40:00+00:00,1.4173,1.418,1.4156,1.4174,936979.3
2026-03-05 02:45:00+00:00,1.4174,1.4214,1.4173,1.4194,1570459.4
2026-03-05 02:50:00+00:00,1.4194,1.4203,1.418,1.4185,568960.9
2026-03-05 02:55:00+00:00,1.4186,1.4194,1.4171,1.4191,719457.6
2026-03-05 03:00:00+00:00,1.4192,1.4216,1.4181,1.4215,1050055.7
2026-03-05 03:05:00+00:00,1.4215,1.4239,1.4202,1.4206,1163358.1
2026-03-05 03:10:00+00:00,1.4206,1.421,1.4191,1.4207,945593.2
2026-03-05 03:15:00+00:00,1.4208,1.4219,1.4194,1.4197,602738.3
2026-03-05 03:20:00+00:00,1.4198,1.422,1.4187,1.4188,816497.9
2026-03-05 03:25:00+00:00,1.4187,1.4203,1.4171,1.4177,929440.7
2026-03-05 03:30:00+00:00,1.4178,1.418,1.4161,1.4163,819267.7
2026-03-05 03:35:00+00:00,1.4163,1.4203,1.4156,1.4172,5901698.3
2026-03-05 03:40:00+00:00,1.4172,1.4187,1.4155,1.4161,680186.8
2026-03-05 03:45:00+00:00,1.416,1.4193,1.4157,1.4192,771115.3
2026-03-05 03:50:00+00:00,1.4192,1.4196,1.4178,1.4196,799005.8
2026-03-05 03:55:00+00:00,1.4195,1.422,1.4184,1.4189,1899461.9
2026-03-05 04:00:00+00:00,1.4189,1.4201,1.4178,1.42,798935.9
2026-03-05 04:05:00+00:00,1.42,1.4236,1.4194,1.4227,1806935.2
2026-03-05 04:10:00+00:00,1.4227,1.4248,1.4224,1.4227,2207791.0
2026-03-05 04:15:00+00:00,1.4228,1.4247,1.422,1.4247,824731.0
2026-03-05 04:20:00+00:00,1.4247,1.4273,1.4232,1.4258,1704528.3
2026-03-05 04:25:00+00:00,1.4257,1.4276,1.4255,1.427,1563219.6
2026-03-05 04:30:00+00:00,1.427,1.4271,1.4224,1.4225,2045726.5
2026-03-05 04:35:00+00:00,1.4224,1.4255,1.4208,1.4237,1799939.6
2026-03-05 04:40:00+00:00,1.4237,1.4272,1.4234,1.4266,1207911.7
2026-03-05 04:45:00+00:00,1.4265,1.4306,1.426,1.4281,2750748.7
2026-03-05 04:50:00+00:00,1.4281,1.4284,1.4249,1.4256,1165446.5
2026-03-05 04:55:00+00:00,1.4256,1.43,1.425,1.4277,1998047.7
2026-03-05 05:00:00+00:00,1.4278,1.4296,1.4266,1.4272,975074.1
2026-03-05 05:05:00+00:00,1.4272,1.4288,1.4264,1.4287,1070833.7
2026-03-05 05:10:00+00:00,1.4287,1.4287,1.4257,1.427,816262.4
2026-03-05 05:15:00+00:00,1.427,1.4273,1.422,1.4222,1011312.2
2026-03-05 05:20:00+00:00,1.4222,1.4222,1.4174,1.4179,3019210.6
2026-03-05 05:25:00+00:00,1.418,1.418,1.4155,1.4168,2602257.1
2026-03-05 05:30:00+00:00,1.4168,1.4179,1.4159,1.4165,1314824.2
2026-03-05 05:35:00+00:00,1.4165,1.4183,1.4126,1.4137,3137568.2
2026-03-05 05:40:00+00:00,1.4136,1.4158,1.4131,1.4155,829614.4
2026-03-05 05:45:00+00:00,1.4154,1.4162,1.4143,1.4143,908675.8
2026-03-05 05:50:00+00:00,1.4144,1.4158,1.413,1.4142,1346689.1
2026-03-05 05:55:00+00:00,1.4142,1.4149,1.4121,1.4143,1360849.4
2026-03-05 06:00:00+00:00,1.4144,1.4155,1.4105,1.4151,3224296.7
2026-03-05 06:05:00+00:00,1.4152,1.4152,1.4089,1.4092,2338993.0
2026-03-05 06:10:00+00:00,1.4092,1.4103,1.4077,1.4096,2762069.7
2026-03-05 06:15:00+00:00,1.4096,1.4152,1.4094,1.4151,1349709.6
2026-03-05 06:20:00+00:00,1.4151,1.4187,1.4147,1.4174,2716373.8
2026-03-05 06:25:00+00:00,1.4173,1.4187,1.4159,1.4172,1088878.7
2026-03-05 06:30:00+00:00,1.4172,1.4179,1.4149,1.4165,1061643.7
2026-03-05 06:35:00+00:00,1.4164,1.4186,1.4149,1.4185,910305.3
2026-03-05 06:40:00+00:00,1.4184,1.4187,1.4171,1.4176,1151051.3
2026-03-05 06:45:00+00:00,1.4177,1.4215,1.4171,1.4205,1941009.5
2026-03-05 06:50:00+00:00,1.4205,1.4238,1.4201,1.4223,1969467.8
2026-03-05 06:55:00+00:00,1.4224,1.4243,1.4224,1.4233,1675467.4
2026-03-05 07:00:00+00:00,1.4234,1.4254,1.4212,1.4216,2225856.0
2026-03-05 07:05:00+00:00,1.4216,1.4235,1.4206,1.423,1040476.4
2026-03-05 07:10:00+00:00,1.4231,1.4289,1.423,1.4283,2205223.9
2026-03-05 07:15:00+00:00,1.4283,1.4288,1.426,1.4279,1626327.5
2026-03-05 07:20:00+00:00,1.428,1.428,1.4263,1.4271,966280.1
2026-03-05 07:25:00+00:00,1.427,1.4271,1.4237,1.4241,1048690.8
2026-03-05 07:30:00+00:00,1.4241,1.4245,1.4215,1.4221,1434485.1
2026-03-05 07:35:00+00:00,1.4221,1.4229,1.4172,1.4184,2320337.9
2026-03-05 07:40:00+00:00,1.4183,1.4183,1.4155,1.4158,1486268.3
2026-03-05 07:45:00+00:00,1.4158,1.4166,1.4153,1.416,1439100.7
2026-03-05 07:50:00+00:00,1.416,1.4166,1.4079,1.4084,6092101.8
2026-03-05 07:55:00+00:00,1.4084,1.4127,1.4083,1.4122,2076341.9
2026-03-05 08:00:00+00:00,1.4123,1.4133,1.4102,1.4112,2049252.1
2026-03-05 08:05:00+00:00,1.4113,1.4133,1.4098,1.4116,1426375.5
2026-03-05 08:10:00+00:00,1.4115,1.4125,1.4107,1.4111,796096.9
2026-03-05 08:15:00+00:00,1.4111,1.4134,1.411,1.4113,1065550.6
2026-03-05 08:20:00+00:00,1.4112,1.4128,1.4107,1.411,853919.3
2026-03-05 08:25:00+00:00,1.4111,1.4115,1.4086,1.4098,1247310.8
2026-03-05 08:30:00+00:00,1.4097,1.4154,1.4083,1.4128,2090028.9
2026-03-05 08:35:00+00:00,1.4128,1.4139,1.4122,1.4122,655135.1
2026-03-05 08:40:00+00:00,1.4123,1.4151,1.4098,1.4147,1119800.5
2026-03-05 08:45:00+00:00,1.4147,1.4166,1.4136,1.4162,1851225.2
2026-03-05 08:50:00+00:00,1.4162,1.4177,1.4149,1.4163,1574414.2
2026-03-05 08:55:00+00:00,1.4163,1.4181,1.4163,1.4178,1292332.5
2026-03-05 09:00:00+00:00,1.4179,1.4221,1.4164,1.4219,2358440.0
2026-03-05 09:05:00+00:00,1.422,1.4252,1.4208,1.4239,3104370.1
2026-03-05 09:10:00+00:00,1.4239,1.4274,1.4233,1.4259,3387106.7
2026-03-05 09:15:00+00:00,1.426,1.4268,1.4233,1.4246,2428950.2
2026-03-05 09:20:00+00:00,1.4245,1.428,1.4235,1.4245,2188960.0
2026-03-05 09:25:00+00:00,1.4244,1.4271,1.4234,1.4253,1477427.5
2026-03-05 09:30:00+00:00,1.4253,1.4264,1.4237,1.4253,1088652.8
2026-03-05 09:35:00+00:00,1.4253,1.431,1.4233,1.4241,4214787.9
2026-03-05 09:40:00+00:00,1.4241,1.426,1.4241,1.4256,1357914.6
2026-03-05 09:45:00+00:00,1.4257,1.4284,1.4254,1.4284,1440963.5
2026-03-05 09:50:00+00:00,1.4284,1.4287,1.4258,1.4269,1828854.4
2026-03-05 09:55:00+00:00,1.427,1.4285,1.4266,1.4279,827415.2
2026-03-05 10:00:00+00:00,1.428,1.4282,1.424,1.4247,1587305.5
2026-03-05 10:05:00+00:00,1.4248,1.4282,1.4238,1.4262,1437229.0
2026-03-05 10:10:00+00:00,1.4261,1.4293,1.4257,1.4269,1862854.0
2026-03-05 10:15:00+00:00,1.4269,1.4288,1.4252,1.4282,1337577.0
2026-03-05 10:20:00+00:00,1.4282,1.4325,1.4266,1.4308,2314419.5
2026-03-05 10:25:00+00:00,1.4307,1.4409,1.4294,1.4398,7548043.7
2026-03-05 10:30:00+00:00,1.4398,1.4473,1.4372,1.4467,6243288.6
2026-03-05 10:35:00+00:00,1.4466,1.4467,1.4415,1.442,3913749.4
2026-03-05 10:40:00+00:00,1.4419,1.4433,1.44,1.4426,2282554.5
2026-03-05 10:45:00+00:00,1.4425,1.4495,1.4424,1.4492,3005620.0
2026-03-05 10:50:00+00:00,1.4491,1.4518,1.447,1.4483,3977004.2
2026-03-05 10:55:00+00:00,1.4483,1.4511,1.4462,1.447,3864437.4
2026-03-05 11:00:00+00:00,1.447,1.4491,1.4454,1.4461,4509792.6
2026-03-05 11:05:00+00:00,1.4461,1.4464,1.4417,1.4428,2870075.6
2026-03-05 11:10:00+00:00,1.4428,1.4439,1.4413,1.4438,1778031.2
2026-03-05 11:15:00+00:00,1.4439,1.4448,1.4416,1.4429,1258748.8
2026-03-05 11:20:00+00:00,1.4428,1.4439,1.4396,1.44,1511004.5
2026-03-05 11:25:00+00:00,1.4401,1.4463,1.44,1.4447,1789895.2
2026-03-05 11:30:00+00:00,1.4447,1.4448,1.4415,1.4435,1409674.2
2026-03-05 11:35:00+00:00,1.4434,1.4441,1.4346,1.4352,2886583.8
2026-03-05 11:40:00+00:00,1.4352,1.4358,1.4337,1.4349,2323885.4
2026-03-05 11:45:00+00:00,1.4349,1.4383,1.4349,1.4364,1230909.5
2026-03-05 11:50:00+00:00,1.4364,1.4377,1.4353,1.4364,681449.1
2026-03-05 11:55:00+00:00,1.4365,1.4373,1.4348,1.4354,949339.6
2026-03-05 12:00:00+00:00,1.4354,1.4367,1.4319,1.4347,2370577.5
2026-03-05 12:05:00+00:00,1.4347,1.4394,1.4334,1.4387,2188402.3
2026-03-05 12:10:00+00:00,1.4388,1.4388,1.436,1.4364,1463161.0
2026-03-05 12:15:00+00:00,1.4363,1.4391,1.4326,1.4388,1774368.3
2026-03-05 12:20:00+00:00,1.4387,1.4417,1.4382,1.4394,2105810.1
2026-03-05 12:25:00+00:00,1.4393,1.4406,1.4358,1.4379,1027477.6
2026-03-05 12:30:00+00:00,1.4379,1.4385,1.4351,1.4352,1603626.8
2026-03-05 12:35:00+00:00,1.4352,1.4375,1.4341,1.4368,1266905.2
2026-03-05 12:40:00+00:00,1.4368,1.4392,1.4358,1.4383,1263881.6
2026-03-05 12:45:00+00:00,1.4383,1.4415,1.438,1.4407,1960991.3
2026-03-05 12:50:00+00:00,1.4406,1.4411,1.438,1.4408,1424718.6
2026-03-05 12:55:00+00:00,1.4408,1.442,1.4397,1.4401,1252727.5
2026-03-05 13:00:00+00:00,1.4402,1.4407,1.4352,1.4353,1703972.4
2026-03-05 13:05:00+00:00,1.4353,1.4363,1.434,1.4354,1612236.9
2026-03-05 13:10:00+00:00,1.4354,1.4355,1.4323,1.433,1683856.3
2026-03-05 13:15:00+00:00,1.4329,1.4344,1.4292,1.4323,3319314.4
2026-03-05 13:20:00+00:00,1.4322,1.4347,1.4283,1.4284,1828262.4
2026-03-05 13:25:00+00:00,1.4285,1.4285,1.4224,1.4275,7324384.0
2026-03-05 13:30:00+00:00,1.4275,1.428,1.4194,1.4228,5427126.9
2026-03-05 13:35:00+00:00,1.4229,1.4257,1.4211,1.4238,2956440.6
2026-03-05 13:40:00+00:00,1.4239,1.4259,1.4226,1.4257,1829688.8
2026-03-05 13:45:00+00:00,1.4257,1.4293,1.4249,1.4283,3635888.2
2026-03-05 13:50:00+00:00,1.4283,1.4295,1.4271,1.4282,1486890.0
2026-03-05 13:55:00+00:00,1.4282,1.429,1.4238,1.4268,2687522.4
2026-03-05 14:00:00+00:00,1.4268,1.4299,1.4257,1.4284,1616481.1
2026-03-05 14:05:00+00:00,1.4285,1.4297,1.424,1.4262,1960629.6
2026-03-05 14:10:00+00:00,1.4262,1.4291,1.4262,1.4283,925841.3
2026-03-05 14:15:00+00:00,1.4282,1.4286,1.4219,1.4233,1523192.5
2026-03-05 14:20:00+00:00,1.4232,1.4263,1.4228,1.4253,1478172.1
2026-03-05 14:25:00+00:00,1.4253,1.427,1.4242,1.4258,1118472.4
2026-03-05 14:30:00+00:00,1.4257,1.4385,1.4237,1.4329,6157589.7
2026-03-05 14:35:00+00:00,1.4329,1.4359,1.4228,1.4245,5931814.2
2026-03-05 14:40:00+00:00,1.4244,1.4277,1.419,1.4204,6058380.2
2026-03-05 14:45:00+00:00,1.4205,1.4254,1.4193,1.4204,3914430.1
2026-03-05 14:50:00+00:00,1.4205,1.434,1.4201,1.4303,4893487.5
2026-03-05 14:55:00+00:00,1.4302,1.4397,1.4286,1.4368,3995552.3
2026-03-05 15:00:00+00:00,1.4369,1.4399,1.4285,1.4295,5158037.9
2026-03-05 15:05:00+00:00,1.4294,1.4305,1.4193,1.4207,5110406.2
2026-03-05 15:10:00+00:00,1.4207,1.4238,1.4169,1.4214,5361186.5
2026-03-05 15:15:00+00:00,1.4214,1.4223,1.4131,1.4176,5240820.5
2026-03-05 15:20:00+00:00,1.4176,1.4209,1.4138,1.4144,2778568.5
2026-03-05 15:25:00+00:00,1.4145,1.4158,1.4101,1.4113,5652079.7
2026-03-05 15:30:00+00:00,1.4113,1.4169,1.409,1.4139,5869559.2
2026-03-05 15:35:00+00:00,1.4139,1.4192,1.4121,1.4192,3125148.8
2026-03-05 15:40:00+00:00,1.4192,1.4204,1.414,1.4147,2138898.5
2026-03-05 15:45:00+00:00,1.4147,1.4166,1.4114,1.4122,2108958.2
2026-03-05 15:50:00+00:00,1.4121,1.418,1.4117,1.4169,2819825.8
2026-03-05 15:55:00+00:00,1.4169,1.4174,1.411,1.416,2440623.7
2026-03-05 16:00:00+00:00,1.416,1.4162,1.4103,1.4108,4299492.6
2026-03-05 16:05:00+00:00,1.4108,1.4112,1.3986,1.399,12127985.1
2026-03-05 16:10:00+00:00,1.399,1.4034,1.3952,1.3994,10469046.8
2026-03-05 16:15:00+00:00,1.3994,1.4045,1.3988,1.4016,3771604.6
2026-03-05 16:20:00+00:00,1.4016,1.4057,1.3997,1.4053,2822759.0
2026-03-05 16:25:00+00:00,1.4052,1.4066,1.403,1.4054,1868668.9
2026-03-05 16:30:00+00:00,1.4054,1.4094,1.4044,1.4089,2298701.7
2026-03-05 16:35:00+00:00,1.4088,1.4137,1.4077,1.4131,2678225.6
2026-03-05 16:40:00+00:00,1.4131,1.415,1.4103,1.4114,2371250.1
2026-03-05 16:45:00+00:00,1.4114,1.4123,1.409,1.4097,1083631.7
2026-03-05 16:50:00+00:00,1.4096,1.4117,1.4086,1.4096,1289700.3
2026-03-05 16:55:00+00:00,1.4095,1.4118,1.4095,1.4108,1455022.3
2026-03-05 17:00:00+00:00,1.4107,1.4188,1.4102,1.4179,2970793.2
2026-03-05 17:05:00+00:00,1.4178,1.4183,1.407,1.4074,3747505.7
2026-03-05 17:10:00+00:00,1.4074,1.4091,1.4055,1.4082,2157971.3
2026-03-05 17:15:00+00:00,1.4082,1.4087,1.4034,1.4044,1650022.1
2026-03-05 17:20:00+00:00,1.4044,1.4082,1.4025,1.4072,3313205.9
2026-03-05 17:25:00+00:00,1.4073,1.4078,1.4027,1.4028,1315755.7
2026-03-05 17:30:00+00:00,1.4027,1.403,1.3988,1.3999,2584933.5
2026-03-05 17:35:00+00:00,1.4,1.4042,1.3994,1.4037,2049344.3
2026-03-05 17:40:00+00:00,1.4037,1.4065,1.4022,1.4026,1326358.6
2026-03-05 17:45:00+00:00,1.4025,1.4029,1.3996,1.3996,1524704.5
2026-03-05 17:50:00+00:00,1.3997,1.4037,1.3989,1.4009,2729274.4
2026-03-05 17:55:00+00:00,1.4009,1.4014,1.398,1.3993,1905229.1
2026-03-05 18:00:00+00:00,1.3992,1.4006,1.3978,1.3996,2256388.1
2026-03-05 18:05:00+00:00,1.3996,1.4025,1.3978,1.4008,1917451.1
2026-03-05 18:10:00+00:00,1.4008,1.4025,1.3997,1.4019,1163289.9
2026-03-05 18:15:00+00:00,1.402,1.4037,1.4003,1.401,1633670.8
2026-03-05 18:20:00+00:00,1.4011,1.4055,1.4,1.4025,1692437.2
2026-03-05 18:25:00+00:00,1.4026,1.403,1.3997,1.4014,947050.9
2026-03-05 18:30:00+00:00,1.4013,1.4061,1.4009,1.4058,1406857.4
2026-03-05 18:35:00+00:00,1.4058,1.4079,1.4037,1.4042,962685.8
2026-03-05 18:40:00+00:00,1.4042,1.408,1.4039,1.4062,1044497.0
2026-03-05 18:45:00+00:00,1.4062,1.4081,1.405,1.4066,948091.7
2026-03-05 18:50:00+00:00,1.4067,1.4072,1.4047,1.4065,1796679.9
2026-03-05 18:55:00+00:00,1.4065,1.4112,1.4065,1.4097,1541104.1
2026-03-05 19:00:00+00:00,1.4097,1.4166,1.4093,1.4145,6549862.7
2026-03-05 19:05:00+00:00,1.4145,1.4177,1.4143,1.4175,1608655.9
2026-03-05 19:10:00+00:00,1.4175,1.4193,1.4145,1.4186,1763348.3
2026-03-05 19:15:00+00:00,1.4186,1.4195,1.4177,1.4193,1637794.7
2026-03-05 19:20:00+00:00,1.4194,1.4228,1.4171,1.4185,2601002.2
2026-03-05 19:25:00+00:00,1.4185,1.4188,1.4131,1.4152,2437377.4
2026-03-05 19:30:00+00:00,1.4151,1.4161,1.4141,1.4146,2420342.0
2026-03-05 19:35:00+00:00,1.4146,1.416,1.4115,1.4158,2986378.0
2026-03-05 19:40:00+00:00,1.4158,1.4188,1.414,1.414,1445468.8
2026-03-05 19:45:00+00:00,1.4141,1.4164,1.4132,1.4147,992738.3
2026-03-05 19:50:00+00:00,1.4147,1.4152,1.4092,1.4122,4455803.3
2026-03-05 19:55:00+00:00,1.4122,1.4122,1.41,1.4107,929053.4
2026-03-05 20:00:00+00:00,1.4108,1.4143,1.4091,1.4139,1816783.7
2026-03-05 20:05:00+00:00,1.4139,1.4141,1.4093,1.4127,1576040.5
2026-03-05 20:10:00+00:00,1.4127,1.4139,1.4112,1.4126,972427.8
2026-03-05 20:15:00+00:00,1.4126,1.416,1.4124,1.4147,1974765.9
2026-03-05 20:20:00+00:00,1.4147,1.4169,1.4133,1.4168,1196689.7
2026-03-05 20:25:00+00:00,1.4169,1.4179,1.4143,1.4148,1667155.8
2026-03-05 20:30:00+00:00,1.4149,1.4177,1.4144,1.4162,992643.6
2026-03-05 20:35:00+00:00,1.4162,1.42,1.4162,1.4165,1793059.5
2026-03-05 20:40:00+00:00,1.4165,1.4168,1.4151,1.4161,965949.5
2026-03-05 20:45:00+00:00,1.4162,1.4169,1.4136,1.4158,902141.2
2026-03-05 20:50:00+00:00,1.4158,1.4167,1.4119,1.4154,1832308.4
2026-03-05 20:55:00+00:00,1.4154,1.4181,1.4139,1.4144,5492820.3
2026-03-05 21:00:00+00:00,1.4144,1.4175,1.4144,1.4174,1228959.3
2026-03-05 21:05:00+00:00,1.4174,1.4177,1.4153,1.4162,1065622.9
2026-03-05 21:10:00+00:00,1.4162,1.4163,1.4138,1.4142,919846.3
2026-03-05 21:15:00+00:00,1.4141,1.4185,1.4141,1.4184,1470020.1
2026-03-05 21:20:00+00:00,1.4185,1.4186,1.415,1.4158,991466.8
2026-03-05 21:25:00+00:00,1.4158,1.4174,1.4142,1.4165,436898.2
2026-03-05 21:30:00+00:00,1.4166,1.4169,1.4113,1.4116,1453134.9
2026-03-05 21:35:00+00:00,1.4116,1.4118,1.4046,1.4056,4640196.4
2026-03-05 21:40:00+00:00,1.4056,1.4069,1.4053,1.4061,1437968.4
2026-03-05 21:45:00+00:00,1.406,1.4082,1.4055,1.4082,1024470.4
2026-03-05 21:50:00+00:00,1.4081,1.4083,1.4024,1.4032,1662830.5
2026-03-05 21:55:00+00:00,1.4032,1.4064,1.4032,1.4062,1017007.4
2026-03-05 22:00:00+00:00,1.4063,1.4078,1.4054,1.4054,845691.6
2026-03-05 22:05:00+00:00,1.4054,1.4063,1.4044,1.4046,739850.5
2026-03-05 22:10:00+00:00,1.4045,1.4046,1.4013,1.4036,1733412.4
2026-03-05 22:15:00+00:00,1.4035,1.4053,1.4027,1.4044,731097.7
2026-03-05 22:20:00+00:00,1.4044,1.4052,1.4026,1.4049,620677.0
2026-03-05 22:25:00+00:00,1.4049,1.405,1.4022,1.4036,634727.4
2026-03-05 22:30:00+00:00,1.4036,1.4061,1.4036,1.4061,855814.4
2026-03-05 22:35:00+00:00,1.406,1.4083,1.4057,1.4063,1206113.4
2026-03-05 22:40:00+00:00,1.4062,1.4087,1.4061,1.407,809964.9
2026-03-05 22:45:00+00:00,1.407,1.4085,1.4065,1.4072,627099.8
2026-03-05 22:50:00+00:00,1.4071,1.4079,1.4062,1.4062,512429.1
2026-03-05 22:55:00+00:00,1.4061,1.4078,1.4051,1.4052,581005.3
2026-03-05 23:00:00+00:00,1.4051,1.4057,1.4036,1.404,1414402.5
2026-03-05 23:05:00+00:00,1.4041,1.4053,1.4032,1.405,761303.5
2026-03-05 23:10:00+00:00,1.4049,1.4056,1.4036,1.4046,1044391.1
2026-03-05 23:15:00+00:00,1.4046,1.406,1.4043,1.4056,578290.4
2026-03-05 23:20:00+00:00,1.4055,1.406,1.4047,1.4049,983068.3
2026-03-05 23:25:00+00:00,1.405,1.408,1.4049,1.4066,715735.0
2026-03-05 23:30:00+00:00,1.4066,1.4068,1.4022,1.4028,1706756.6
2026-03-05 23:35:00+00:00,1.4029,1.4042,1.4028,1.4039,425940.6
2026-03-05 23:40:00+00:00,1.4039,1.4041,1.4022,1.4037,701961.2
2026-03-05 23:45:00+00:00,1.4037,1.4037,1.4018,1.4023,861183.9
2026-03-05 23:50:00+00:00,1.4022,1.4028,1.4015,1.4025,675159.5
2026-03-05 23:55:00+00:00,1.4025,1.4035,1.4012,1.4029,1212485.6
2026-03-06 00:00:00+00:00,1.403,1.4049,1.4023,1.4048,1278855.9
2026-03-06 00:05:00+00:00,1.4048,1.406,1.4042,1.4054,937847.1
2026-03-06 00:10:00+00:00,1.4053,1.4077,1.4045,1.4072,1039534.7
2026-03-06 00:15:00+00:00,1.4072,1.4073,1.4051,1.4066,1039564.1
2026-03-06 00:20:00+00:00,1.4065,1.4072,1.4058,1.4072,898273.9
2026-03-06 00:25:00+00:00,1.4072,1.4073,1.4041,1.4044,699261.4
2026-03-06 00:30:00+00:00,1.4043,1.4047,1.4026,1.4037,1872916.1
2026-03-06 00:35:00+00:00,1.4037,1.4042,1.403,1.4038,434762.0
2026-03-06 00:40:00+00:00,1.4038,1.4046,1.4035,1.4036,474287.5
2026-03-06 00:45:00+00:00,1.4036,1.4057,1.4033,1.4042,530552.9
2026-03-06 00:50:00+00:00,1.4042,1.4044,1.4019,1.4042,1035770.7
2026-03-06 00:55:00+00:00,1.4042,1.4045,1.4031,1.4045,264044.1
2026-03-06 01:00:00+00:00,1.4045,1.406,1.403,1.4038,752515.1
2026-03-06 01:05:00+00:00,1.4038,1.4053,1.4033,1.404,1925200.5
2026-03-06 01:10:00+00:00,1.4041,1.4044,1.4018,1.4021,1023012.2
2026-03-06 01:15:00+00:00,1.4021,1.4047,1.4016,1.4037,698503.6
2026-03-06 01:20:00+00:00,1.4037,1.4041,1.4029,1.4031,269220.0
2026-03-06 01:25:00+00:00,1.4031,1.4034,1.397,1.3982,3551727.1
2026-03-06 01:30:00+00:00,1.3982,1.4092,1.3982,1.4086,4093442.6
2026-03-06 01:35:00+00:00,1.4086,1.4122,1.4085,1.4113,2805217.3
2026-03-06 01:40:00+00:00,1.4113,1.4125,1.4103,1.4112,1159371.9
2026-03-06 01:45:00+00:00,1.4113,1.412,1.4094,1.4111,1190458.8
2026-03-06 01:50:00+00:00,1.4112,1.4138,1.4096,1.4102,1555916.8
2026-03-06 01:55:00+00:00,1.4102,1.4118,1.4097,1.4112,1042586.6
2026-03-06 02:00:00+00:00,1.4112,1.4117,1.409,1.4091,1026664.8
2026-03-06 02:05:00+00:00,1.4092,1.4112,1.4081,1.4093,947500.8
2026-03-06 02:10:00+00:00,1.4093,1.4128,1.4088,1.4122,908865.5
2026-03-06 02:15:00+00:00,1.4121,1.4139,1.4102,1.4105,1157642.7
2026-03-06 02:20:00+00:00,1.4105,1.4112,1.4079,1.4095,1190713.8
2026-03-06 02:25:00+00:00,1.4096,1.4136,1.4096,1.4107,1538435.0
2026-03-06 02:30:00+00:00,1.4108,1.4111,1.4088,1.409,750080.0
2026-03-06 02:35:00+00:00,1.4091,1.41,1.4085,1.41,355466.6
2026-03-06 02:40:00+00:00,1.4101,1.4117,1.4094,1.4112,567266.7
2026-03-06 02:45:00+00:00,1.4112,1.4117,1.409,1.4101,543596.1
2026-03-06 02:50:00+00:00,1.4102,1.4105,1.4085,1.4085,550282.8
2026-03-06 02:55:00+00:00,1.4085,1.4091,1.408,1.4088,505264.3
2026-03-06 03:00:00+00:00,1.4088,1.4105,1.408,1.4103,676610.6
2026-03-06 03:05:00+00:00,1.4104,1.4111,1.409,1.4093,723629.1
2026-03-06 03:10:00+00:00,1.4094,1.4096,1.4026,1.4035,1937282.3
2026-03-06 03:15:00+00:00,1.4035,1.4042,1.4026,1.4034,794983.3
2026-03-06 03:20:00+00:00,1.4035,1.4085,1.4033,1.4076,1046340.4
2026-03-06 03:25:00+00:00,1.4075,1.4078,1.4064,1.4069,674906.3
2026-03-06 03:30:00+00:00,1.4069,1.4074,1.4043,1.4057,1310477.1
2026-03-06 03:35:00+00:00,1.4057,1.4062,1.404,1.4046,730668.8
2026-03-06 03:40:00+00:00,1.4045,1.4059,1.4043,1.4052,465220.3
2026-03-06 03:45:00+00:00,1.4053,1.4054,1.4038,1.404,601873.6
2026-03-06 03:50:00+00:00,1.404,1.4051,1.4034,1.4038,498076.0
2026-03-06 03:55:00+00:00,1.4038,1.4053,1.4031,1.4047,652873.2
2026-03-06 04:00:00+00:00,1.4046,1.4053,1.403,1.4045,723963.9
2026-03-06 04:05:00+00:00,1.4045,1.4052,1.4022,1.4027,780529.2
2026-03-06 04:10:00+00:00,1.4027,1.4027,1.4002,1.4006,1351759.2
2026-03-06 04:15:00+00:00,1.4005,1.4014,1.3997,1.4008,984603.7
2026-03-06 04:20:00+00:00,1.4009,1.4021,1.3998,1.4021,891596.4
2026-03-06 04:25:00+00:00,1.402,1.4024,1.401,1.4014,437403.1
2026-03-06 04:30:00+00:00,1.4014,1.4035,1.3998,1.4018,1374790.9
2026-03-06 04:35:00+00:00,1.4019,1.4019,1.3976,1.398,1863295.3
2026-03-06 04:40:00+00:00,1.3979,1.3983,1.3906,1.3953,7734021.5
2026-03-06 04:45:00+00:00,1.3953,1.3961,1.394,1.3953,824062.4
2026-03-06 04:50:00+00:00,1.3953,1.3987,1.3953,1.396,964344.7
2026-03-06 04:55:00+00:00,1.396,1.3991,1.396,1.3986,712962.0
2026-03-06 05:00:00+00:00,1.3986,1.4,1.3976,1.3997,1404634.4
2026-03-06 05:05:00+00:00,1.3997,1.4001,1.3973,1.3984,908543.0
2026-03-06 05:10:00+00:00,1.3984,1.3996,1.3966,1.3996,661012.8
2026-03-06 05:15:00+00:00,1.3995,1.4022,1.3995,1.4004,845436.2
2026-03-06 05:20:00+00:00,1.4003,1.4003,1.395,1.3961,902421.5
2026-03-06 05:25:00+00:00,1.3961,1.3964,1.3941,1.3957,1112009.7
2026-03-06 05:30:00+00:00,1.3956,1.3979,1.3941,1.3943,1289374.5
2026-03-06 05:35:00+00:00,1.3942,1.3971,1.3931,1.3933,1278690.7
2026-03-06 05:40:00+00:00,1.3933,1.394,1.3918,1.3925,1289555.7
2026-03-06 05:45:00+00:00,1.3925,1.3937,1.3919,1.3932,1026877.8
2026-03-06 05:50:00+00:00,1.3932,1.3973,1.3927,1.3966,1080675.3
2026-03-06 05:55:00+00:00,1.3966,1.3995,1.3957,1.3977,1283011.2
2026-03-06 06:00:00+00:00,1.3977,1.3995,1.3972,1.3992,923182.6
2026-03-06 06:05:00+00:00,1.3993,1.3997,1.3963,1.3973,1069240.9
2026-03-06 06:10:00+00:00,1.3973,1.3976,1.396,1.3971,945338.1
2026-03-06 06:15:00+00:00,1.3971,1.398,1.3959,1.3969,638244.7
2026-03-06 06:20:00+00:00,1.3969,1.4002,1.3968,1.3999,919631.5
2026-03-06 06:25:00+00:00,1.4,1.4,1.3982,1.3986,266453.8
2026-03-06 06:30:00+00:00,1.3986,1.3996,1.3983,1.3988,428413.9
2026-03-06 06:35:00+00:00,1.3989,1.3994,1.3981,1.3984,670322.1
2026-03-06 06:40:00+00:00,1.3984,1.4008,1.3973,1.4006,1115259.5
2026-03-06 06:45:00+00:00,1.4006,1.4046,1.3996,1.4025,1383674.9
2026-03-06 06:50:00+00:00,1.4025,1.4025,1.3994,1.3996,572284.9
2026-03-06 06:55:00+00:00,1.3996,1.4012,1.3996,1.3996,595751.9
2026-03-06 07:00:00+00:00,1.3996,1.4023,1.3994,1.4017,1385683.8
2026-03-06 07:05:00+00:00,1.4017,1.4021,1.399,1.3991,756361.2
2026-03-06 07:10:00+00:00,1.3991,1.3993,1.3964,1.3982,1133683.3
2026-03-06 07:15:00+00:00,1.3982,1.3999,1.398,1.3988,651297.9
2026-03-06 07:20:00+00:00,1.3988,1.4018,1.3987,1.4017,696289.1
2026-03-06 07:25:00+00:00,1.4018,1.4066,1.4017,1.4062,1934129.7
2026-03-06 07:30:00+00:00,1.4062,1.4073,1.4051,1.4055,1593855.5
2026-03-06 07:35:00+00:00,1.4054,1.4073,1.4042,1.4057,1370854.7
2026-03-06 07:40:00+00:00,1.4057,1.4073,1.4052,1.4062,1450041.9
2026-03-06 07:45:00+00:00,1.4063,1.4077,1.4054,1.4074,798612.9
2026-03-06 07:50:00+00:00,1.4073,1.4077,1.4062,1.4069,702671.6
2026-03-06 07:55:00+00:00,1.4069,1.4072,1.4063,1.4069,422466.2
2026-03-06 08:00:00+00:00,1.407,1.407,1.4033,1.4041,1270629.4
2026-03-06 08:05:00+00:00,1.404,1.4051,1.4034,1.4037,861189.9
2026-03-06 08:10:00+00:00,1.4036,1.4071,1.403,1.405,2593416.0
2026-03-06 08:15:00+00:00,1.405,1.4063,1.4034,1.4055,2627731.8
2026-03-06 08:20:00+00:00,1.4054,1.4056,1.4032,1.404,595986.0
2026-03-06 08:25:00+00:00,1.404,1.404,1.4021,1.4021,927172.0
2026-03-06 08:30:00+00:00,1.402,1.4035,1.4005,1.401,1240243.2
2026-03-06 08:35:00+00:00,1.4011,1.4028,1.4005,1.4012,703013.1
2026-03-06 08:40:00+00:00,1.4012,1.404,1.4009,1.4025,555492.9
2026-03-06 08:45:00+00:00,1.4025,1.4051,1.4023,1.4044,717164.8
2026-03-06 08:50:00+00:00,1.4044,1.4046,1.403,1.404,908950.7
2026-03-06 08:55:00+00:00,1.404,1.4044,1.4021,1.4043,578354.5
2026-03-06 09:00:00+00:00,1.4044,1.4054,1.4035,1.4052,963830.9
2026-03-06 09:05:00+00:00,1.4052,1.4058,1.4013,1.4022,771166.8
2026-03-06 09:10:00+00:00,1.4022,1.4022,1.3978,1.3997,2451932.3
2026-03-06 09:15:00+00:00,1.3997,1.4007,1.395,1.4001,3523072.6
2026-03-06 09:20:00+00:00,1.4,1.4002,1.3978,1.398,938321.4
2026-03-06 09:25:00+00:00,1.3979,1.398,1.3944,1.3951,1803998.1
2026-03-06 09:30:00+00:00,1.3951,1.3964,1.3924,1.3926,2081780.0
2026-03-06 09:35:00+00:00,1.3927,1.395,1.3916,1.3927,2501799.7
2026-03-06 09:40:00+00:00,1.3926,1.394,1.3914,1.3938,1669956.9
2026-03-06 09:45:00+00:00,1.3938,1.3943,1.3917,1.3925,1273777.8
2026-03-06 09:50:00+00:00,1.3924,1.3961,1.3921,1.3948,1423740.4
2026-03-06 09:55:00+00:00,1.3948,1.3975,1.3948,1.3969,1059499.3
2026-03-06 10:00:00+00:00,1.397,1.4013,1.3964,1.4008,1382818.1
2026-03-06 10:05:00+00:00,1.4007,1.4025,1.4002,1.4023,860841.7
2026-03-06 10:10:00+00:00,1.4022,1.4029,1.4018,1.4029,666861.3
2026-03-06 10:15:00+00:00,1.4029,1.4048,1.4019,1.4033,911098.1
2026-03-06 10:20:00+00:00,1.4034,1.4056,1.4029,1.4047,1587020.6
2026-03-06 10:25:00+00:00,1.4047,1.406,1.4033,1.4056,1523087.5
2026-03-06 10:30:00+00:00,1.4055,1.407,1.4037,1.4047,1951398.0
2026-03-06 10:35:00+00:00,1.4047,1.4048,1.4036,1.4038,726270.8
2026-03-06 10:40:00+00:00,1.4039,1.4046,1.4031,1.4042,891946.7
2026-03-06 10:45:00+00:00,1.4042,1.4042,1.4024,1.4024,875743.0
2026-03-06 10:50:00+00:00,1.4025,1.4042,1.4016,1.4022,1469155.6
2026-03-06 10:55:00+00:00,1.4022,1.4027,1.4016,1.4022,502756.6
2026-03-06 11:00:00+00:00,1.4022,1.4025,1.3995,1.3998,1095778.0
2026-03-06 11:05:00+00:00,1.3999,1.4007,1.3981,1.3996,1735519.3
2026-03-06 11:10:00+00:00,1.3995,1.4039,1.3993,1.4022,902014.5
2026-03-06 11:15:00+00:00,1.4023,1.4023,1.4004,1.4004,490153.6
2026-03-06 11:20:00+00:00,1.4004,1.4014,1.3994,1.3999,489043.9
2026-03-06 11:25:00+00:00,1.3999,1.4007,1.3997,1.4003,394708.5
2026-03-06 11:30:00+00:00,1.4002,1.4003,1.398,1.3983,403377.0
2026-03-06 11:35:00+00:00,1.3982,1.3999,1.3982,1.3996,487157.4
2026-03-06 11:40:00+00:00,1.3996,1.4,1.395,1.3955,1674174.7
2026-03-06 11:45:00+00:00,1.3955,1.3962,1.394,1.3948,2057796.6
2026-03-06 11:50:00+00:00,1.3948,1.3953,1.3939,1.3941,1558995.5
2026-03-06 11:55:00+00:00,1.3942,1.3947,1.3926,1.3941,1662649.5
2026-03-06 12:00:00+00:00,1.394,1.394,1.3918,1.3927,1623698.6
2026-03-06 12:05:00+00:00,1.3927,1.3937,1.3858,1.3862,6685757.6
2026-03-06 12:10:00+00:00,1.3862,1.3898,1.3843,1.3887,4223232.0
2026-03-06 12:15:00+00:00,1.3886,1.3953,1.3886,1.3953,3400911.9
2026-03-06 12:20:00+00:00,1.3953,1.3956,1.3937,1.3944,1304630.4
2026-03-06 12:25:00+00:00,1.3944,1.3948,1.3922,1.3926,1161019.0
2026-03-06 12:30:00+00:00,1.3926,1.3933,1.3872,1.3883,2439799.8
2026-03-06 12:35:00+00:00,1.3883,1.3883,1.3852,1.3861,2619212.3
2026-03-06 12:40:00+00:00,1.3862,1.3879,1.3853,1.3858,1753193.0
2026-03-06 12:45:00+00:00,1.3858,1.3867,1.3836,1.3862,2228798.9
2026-03-06 12:50:00+00:00,1.3862,1.3891,1.3858,1.3878,1781454.7
2026-03-06 12:55:00+00:00,1.3877,1.3914,1.3876,1.3882,2098431.5
2026-03-06 13:00:00+00:00,1.3882,1.3894,1.3869,1.389,1320503.3
2026-03-06 13:05:00+00:00,1.3889,1.3894,1.3875,1.3887,1005261.6
2026-03-06 13:10:00+00:00,1.3887,1.39,1.3883,1.3887,709139.5
2026-03-06 13:15:00+00:00,1.3887,1.3908,1.3884,1.39,862357.0
2026-03-06 13:20:00+00:00,1.3901,1.391,1.3864,1.3907,998712.1
2026-03-06 13:25:00+00:00,1.3907,1.395,1.3906,1.3912,2133932.2
2026-03-06 13:30:00+00:00,1.3912,1.3952,1.3802,1.3931,13739451.7
2026-03-06 13:35:00+00:00,1.3931,1.3965,1.3884,1.3889,4116228.1
2026-03-06 13:40:00+00:00,1.3889,1.3894,1.387,1.388,1361403.7
2026-03-06 13:45:00+00:00,1.388,1.3881,1.3837,1.3852,2532104.8
2026-03-06 13:50:00+00:00,1.3853,1.3862,1.381,1.3831,5261188.9
2026-03-06 13:55:00+00:00,1.3831,1.3832,1.3708,1.3715,18916747.6
2026-03-06 14:00:00+00:00,1.3715,1.3738,1.3662,1.3713,11967476.7
2026-03-06 14:05:00+00:00,1.3712,1.3718,1.3606,1.3613,7367030.5
2026-03-06 14:10:00+00:00,1.3613,1.3656,1.3593,1.3642,6411244.2
2026-03-06 14:15:00+00:00,1.3641,1.3682,1.3625,1.3665,4434528.4
2026-03-06 14:20:00+00:00,1.3664,1.3687,1.3653,1.3674,3022178.3
2026-03-06 14:25:00+00:00,1.3675,1.3687,1.366,1.3665,2516166.4
2026-03-06 14:30:00+00:00,1.3666,1.3694,1.3614,1.3626,5085191.1
2026-03-06 14:35:00+00:00,1.3626,1.363,1.3531,1.3579,11256383.1
2026-03-06 14:40:00+00:00,1.3579,1.3614,1.3568,1.3584,3698196.7
2026-03-06 14:45:00+00:00,1.3584,1.3617,1.3517,1.3536,4489075.2
2026-03-06 14:50:00+00:00,1.3536,1.3568,1.3516,1.3527,3706857.5
2026-03-06 14:55:00+00:00,1.3527,1.3555,1.35,1.3545,3933404.7
2026-03-06 15:00:00+00:00,1.3545,1.3596,1.3542,1.3573,5772920.0
2026-03-06 15:05:00+00:00,1.3574,1.3594,1.3534,1.3534,3750362.4
2026-03-06 15:10:00+00:00,1.3533,1.3583,1.3533,1.3579,2498753.4
2026-03-06 15:15:00+00:00,1.3579,1.3636,1.3575,1.3629,5591390.9
2026-03-06 15:20:00+00:00,1.363,1.3657,1.3621,1.3643,4225404.9
2026-03-06 15:25:00+00:00,1.3644,1.3644,1.3599,1.3616,2308021.4
2026-03-06 15:30:00+00:00,1.3616,1.3653,1.3578,1.3591,2984584.2
2026-03-06 15:35:00+00:00,1.3591,1.3651,1.3587,1.3617,2891490.2
2026-03-06 15:40:00+00:00,1.3617,1.3622,1.3585,1.3589,2059850.2
2026-03-06 15:45:00+00:00,1.3588,1.359,1.3542,1.3552,2688858.8
2026-03-06 15:50:00+00:00,1.3551,1.3551,1.352,1.3541,3793692.1
2026-03-06 15:55:00+00:00,1.3541,1.3567,1.3538,1.3551,2349307.7
2026-03-06 16:00:00+00:00,1.3551,1.3601,1.3544,1.3596,3219176.6
2026-03-06 16:05:00+00:00,1.3595,1.3602,1.3553,1.3554,3035821.7
2026-03-06 16:10:00+00:00,1.3553,1.3563,1.3528,1.3556,2196898.3
2026-03-06 16:15:00+00:00,1.3555,1.3583,1.3542,1.3556,1883551.2
2026-03-06 16:20:00+00:00,1.3556,1.3577,1.3535,1.3569,1536073.4
2026-03-06 16:25:00+00:00,1.357,1.3583,1.3561,1.3575,1424643.7
2026-03-06 16:30:00+00:00,1.3575,1.3603,1.356,1.3574,2093665.0
2026-03-06 16:35:00+00:00,1.3573,1.3616,1.3571,1.3607,1595819.1
2026-03-06 16:40:00+00:00,1.3607,1.3609,1.3588,1.3598,1258026.1
2026-03-06 16:45:00+00:00,1.3597,1.3623,1.3587,1.3603,1449916.8
2026-03-06 16:50:00+00:00,1.3604,1.3612,1.3554,1.3557,2046415.0
2026-03-06 16:55:00+00:00,1.3557,1.3573,1.3542,1.3561,1592091.1
2026-03-06 17:00:00+00:00,1.356,1.3582,1.3546,1.3571,1709523.2
2026-03-06 17:05:00+00:00,1.3571,1.3577,1.3548,1.3559,1150019.2
2026-03-06 17:10:00+00:00,1.3558,1.3568,1.355,1.3551,966935.7
2026-03-06 17:15:00+00:00,1.3552,1.356,1.3532,1.3546,1531991.2
2026-03-06 17:20:00+00:00,1.3546,1.357,1.3536,1.3539,1606870.9
2026-03-06 17:25:00+00:00,1.354,1.3545,1.3512,1.3527,2313702.3
2026-03-06 17:30:00+00:00,1.3526,1.3528,1.3477,1.3486,4947128.7
2026-03-06 17:35:00+00:00,1.3485,1.3493,1.3444,1.3467,8826258.9
2026-03-06 17:40:00+00:00,1.3467,1.3477,1.3449,1.3477,3049994.7
2026-03-06 17:45:00+00:00,1.3477,1.3502,1.3477,1.3497,3242378.0
2026-03-06 17:50:00+00:00,1.3497,1.3502,1.3475,1.3475,1616909.6
2026-03-06 17:55:00+00:00,1.3475,1.3503,1.3475,1.3486,2149922.9
2026-03-06 18:00:00+00:00,1.3485,1.3522,1.3481,1.3503,3024228.9
2026-03-06 18:05:00+00:00,1.3504,1.3533,1.3501,1.3517,2013481.8
2026-03-06 18:10:00+00:00,1.3517,1.3558,1.3503,1.3556,2713088.5
2026-03-06 18:15:00+00:00,1.3556,1.3587,1.3549,1.3578,2670007.6
2026-03-06 18:20:00+00:00,1.3578,1.3586,1.3563,1.3572,1840104.8
2026-03-06 18:25:00+00:00,1.3573,1.3578,1.3543,1.355,1233625.4
2026-03-06 18:30:00+00:00,1.355,1.3603,1.3548,1.3591,1919498.8
2026-03-06 18:35:00+00:00,1.3591,1.3604,1.3576,1.3597,1188176.7
2026-03-06 18:40:00+00:00,1.3598,1.361,1.3596,1.3607,1478584.9
2026-03-06 18:45:00+00:00,1.3608,1.3618,1.3596,1.3607,1432943.9
2026-03-06 18:50:00+00:00,1.3608,1.3613,1.3572,1.3576,1507824.6
2026-03-06 18:55:00+00:00,1.3576,1.3585,1.3568,1.3574,1094085.0
2026-03-06 19:00:00+00:00,1.3574,1.3589,1.3574,1.3583,972105.8
2026-03-06 19:05:00+00:00,1.3583,1.3608,1.3576,1.3601,646748.5
2026-03-06 19:10:00+00:00,1.3601,1.3641,1.3598,1.3637,1504762.9
2026-03-06 19:15:00+00:00,1.3638,1.365,1.362,1.3648,2259526.9
2026-03-06 19:20:00+00:00,1.3648,1.3648,1.3606,1.361,2456721.1
2026-03-06 19:25:00+00:00,1.361,1.3616,1.3597,1.3607,1314196.1
2026-03-06 19:30:00+00:00,1.3607,1.3625,1.3604,1.361,822024.6
2026-03-06 19:35:00+00:00,1.361,1.3637,1.361,1.362,1892651.7
2026-03-06 19:40:00+00:00,1.362,1.3639,1.3603,1.3603,1054070.4
2026-03-06 19:45:00+00:00,1.3604,1.3605,1.3585,1.3603,1255499.7
2026-03-06 19:50:00+00:00,1.3602,1.3606,1.359,1.3599,1287649.4
2026-03-06 19:55:00+00:00,1.3599,1.363,1.3599,1.3623,1516771.6
2026-03-06 20:00:00+00:00,1.3623,1.3634,1.3615,1.3624,1311480.1
2026-03-06 20:05:00+00:00,1.3624,1.3629,1.3599,1.3602,1962256.1
2026-03-06 20:10:00+00:00,1.3602,1.3611,1.359,1.3595,1793550.7
2026-03-06 20:15:00+00:00,1.3596,1.3609,1.3588,1.3591,1192567.2
2026-03-06 20:20:00+00:00,1.3591,1.3598,1.3575,1.3584,1595363.8
2026-03-06 20:25:00+00:00,1.3583,1.3585,1.3547,1.3557,2219615.6
2026-03-06 20:30:00+00:00,1.3556,1.3566,1.3549,1.3553,1166602.0
2026-03-06 20:35:00+00:00,1.3554,1.356,1.3537,1.3552,1473652.8
2026-03-06 20:40:00+00:00,1.3551,1.3587,1.3546,1.3562,1623355.3
2026-03-06 20:45:00+00:00,1.3563,1.3575,1.356,1.3566,979497.7
2026-03-06 20:50:00+00:00,1.3567,1.3581,1.3561,1.3578,1414327.5
2026-03-06 20:55:00+00:00,1.3577,1.3593,1.3532,1.3564,7255069.0
2026-03-06 21:00:00+00:00,1.3564,1.3579,1.3551,1.3573,1082875.3
2026-03-06 21:05:00+00:00,1.3573,1.3578,1.357,1.3574,575771.9
2026-03-06 21:10:00+00:00,1.3575,1.3588,1.3571,1.3584,553626.3
2026-03-06 21:15:00+00:00,1.3584,1.3598,1.3584,1.3597,725390.6
2026-03-06 21:20:00+00:00,1.3597,1.3598,1.3583,1.3583,721697.7
2026-03-06 21:25:00+00:00,1.3583,1.3604,1.3575,1.3603,886879.9
2026-03-06 21:30:00+00:00,1.3604,1.3606,1.3586,1.359,904091.2
2026-03-06 21:35:00+00:00,1.3591,1.3605,1.3581,1.3583,1548660.7
2026-03-06 21:40:00+00:00,1.3583,1.3609,1.3583,1.3609,628636.0
2026-03-06 21:45:00+00:00,1.3609,1.3637,1.3604,1.3634,1515395.6
2026-03-06 21:50:00+00:00,1.3634,1.364,1.3615,1.3615,1150004.4
2026-03-06 21:55:00+00:00,1.3615,1.363,1.3607,1.3627,943596.3
2026-03-06 22:00:00+00:00,1.3628,1.3634,1.3622,1.3625,624911.6
2026-03-06 22:05:00+00:00,1.3624,1.3635,1.3617,1.3635,447520.5
2026-03-06 22:10:00+00:00,1.3634,1.3642,1.3624,1.3634,896729.3
2026-03-06 22:15:00+00:00,1.3634,1.3651,1.363,1.3643,658670.2
2026-03-06 22:20:00+00:00,1.3643,1.3655,1.3639,1.3649,1185812.5
2026-03-06 22:25:00+00:00,1.365,1.3655,1.3642,1.3646,554928.9
2026-03-06 22:30:00+00:00,1.3646,1.3649,1.3634,1.3648,480999.3
2026-03-06 22:35:00+00:00,1.3649,1.3672,1.3639,1.3671,1719228.7
2026-03-06 22:40:00+00:00,1.3671,1.3687,1.3669,1.3675,1939367.4
2026-03-06 22:45:00+00:00,1.3675,1.3691,1.3675,1.3683,961556.5
2026-03-06 22:50:00+00:00,1.3684,1.3695,1.3674,1.3694,793763.2
2026-03-06 22:55:00+00:00,1.3693,1.3706,1.3678,1.3678,1635052.5
2026-03-06 23:00:00+00:00,1.3679,1.3682,1.3652,1.3662,2463369.8
2026-03-06 23:05:00+00:00,1.3662,1.3662,1.363,1.3643,1940061.9
2026-03-06 23:10:00+00:00,1.3643,1.3654,1.3628,1.3651,1270091.3
2026-03-06 23:15:00+00:00,1.3651,1.366,1.3643,1.3657,581116.8
2026-03-06 23:20:00+00:00,1.3657,1.3661,1.3645,1.3651,894421.9
2026-03-06 23:25:00+00:00,1.3651,1.3657,1.3644,1.3648,357473.3
2026-03-06 23:30:00+00:00,1.3648,1.3649,1.363,1.3637,482667.7
2026-03-06 23:35:00+00:00,1.3638,1.3638,1.3626,1.3632,700539.2
2026-03-06 23:40:00+00:00,1.3632,1.3632,1.3618,1.3629,978993.3
2026-03-06 23:45:00+00:00,1.3628,1.3636,1.3626,1.3631,659231.6
2026-03-06 23:50:00+00:00,1.3631,1.3636,1.3621,1.3629,441980.2
2026-03-06 23:55:00+00:00,1.3629,1.363,1.3621,1.3625,528247.2
2026-03-07 00:00:00+00:00,1.3625,1.3641,1.3621,1.3635,1238738.3
2026-03-07 00:05:00+00:00,1.3635,1.3672,1.3635,1.3672,1755484.2
2026-03-07 00:10:00+00:00,1.3672,1.3686,1.3647,1.365,2001615.7
2026-03-07 00:15:00+00:00,1.365,1.3668,1.3644,1.3665,768322.5
2026-03-07 00:20:00+00:00,1.3665,1.367,1.365,1.3668,624663.6
2026-03-07 00:25:00+00:00,1.3668,1.368,1.3665,1.3667,879191.1
2026-03-07 00:30:00+00:00,1.3667,1.3699,1.3665,1.3687,621958.9
2026-03-07 00:35:00+00:00,1.3687,1.3687,1.3676,1.3681,352735.0
2026-03-07 00:40:00+00:00,1.3681,1.3683,1.3654,1.3654,1199039.4
2026-03-07 00:45:00+00:00,1.3655,1.3673,1.3654,1.3664,618147.1
2026-03-07 00:50:00+00:00,1.3664,1.3679,1.3662,1.3674,616269.5
2026-03-07 00:55:00+00:00,1.3675,1.3682,1.367,1.367,337795.3
2026-03-07 01:00:00+00:00,1.3671,1.3686,1.3668,1.3677,572186.4
2026-03-07 01:05:00+00:00,1.3678,1.368,1.3666,1.3679,353714.2
2026-03-07 01:10:00+00:00,1.3678,1.3682,1.3645,1.3649,1320656.3
2026-03-07 01:15:00+00:00,1.3649,1.3654,1.3648,1.3654,660504.7
2026-03-07 01:20:00+00:00,1.3653,1.3663,1.3645,1.365,924246.0
2026-03-07 01:25:00+00:00,1.365,1.3656,1.3645,1.3654,311652.6
2026-03-07 01:30:00+00:00,1.3654,1.3659,1.3635,1.3649,1712086.5
2026-03-07 01:35:00+00:00,1.3648,1.3665,1.3648,1.3661,351614.0
2026-03-07 01:40:00+00:00,1.366,1.3665,1.3649,1.3664,581482.6
2026-03-07 01:45:00+00:00,1.3665,1.3669,1.366,1.3669,505496.7
2026-03-07 01:50:00+00:00,1.3669,1.3679,1.3666,1.3677,604660.3
2026-03-07 01:55:00+00:00,1.3677,1.3679,1.3666,1.3666,513459.9
2026-03-07 02:00:00+00:00,1.3667,1.3675,1.3664,1.3666,499736.6
2026-03-07 02:05:00+00:00,1.3666,1.3666,1.3654,1.3666,334265.5
2026-03-07 02:10:00+00:00,1.3665,1.3668,1.3653,1.3653,365781.7
2026-03-07 02:15:00+00:00,1.3653,1.3662,1.3653,1.3654,324902.8
2026-03-07 02:20:00+00:00,1.3654,1.3657,1.3627,1.3636,1723262.8
2026-03-07 02:25:00+00:00,1.3637,1.3642,1.3622,1.3626,1030909.4
2026-03-07 02:30:00+00:00,1.3626,1.363,1.3615,1.3627,929715.2
2026-03-07 02:35:00+00:00,1.3627,1.3631,1.3616,1.3631,955316.1
2026-03-07 02:40:00+00:00,1.363,1.3646,1.363,1.364,546311.5
2026-03-07 02:45:00+00:00,1.364,1.3652,1.3635,1.365,384022.6
2026-03-07 02:50:00+00:00,1.365,1.3664,1.3647,1.3653,986127.8
2026-03-07 02:55:00+00:00,1.3654,1.3678,1.3654,1.3669,682361.8
2026-03-07 03:00:00+00:00,1.3669,1.3685,1.3668,1.3678,925654.5
2026-03-07 03:05:00+00:00,1.3677,1.3699,1.3675,1.3694,930411.3
2026-03-07 03:10:00+00:00,1.3693,1.3742,1.3688,1.3737,3806341.0
2026-03-07 03:15:00+00:00,1.3736,1.3736,1.3702,1.3702,1790853.3
2026-03-07 03:20:00+00:00,1.3702,1.371,1.3683,1.3688,2214697.6
2026-03-07 03:25:00+00:00,1.3688,1.3691,1.3669,1.3676,877256.5
2026-03-07 03:30:00+00:00,1.3675,1.3688,1.367,1.368,967913.4
2026-03-07 03:35:00+00:00,1.368,1.3687,1.3667,1.3667,561824.6
2026-03-07 03:40:00+00:00,1.3668,1.3681,1.3661,1.3671,727781.0
2026-03-07 03:45:00+00:00,1.3671,1.3678,1.3657,1.3657,456925.2
2026-03-07 03:50:00+00:00,1.3658,1.3663,1.3644,1.3648,767103.5
2026-03-07 03:55:00+00:00,1.3648,1.3657,1.3648,1.3651,553489.0
2026-03-07 04:00:00+00:00,1.3651,1.3655,1.3596,1.3604,4273031.4
2026-03-07 04:05:00+00:00,1.3605,1.3629,1.3604,1.3608,1561619.3
2026-03-07 04:10:00+00:00,1.3607,1.3631,1.3607,1.3622,813257.4
2026-03-07 04:15:00+00:00,1.3623,1.3639,1.3618,1.3639,581699.2
2026-03-07 04:20:00+00:00,1.3638,1.3638,1.3617,1.3624,669864.8
2026-03-07 04:25:00+00:00,1.3625,1.3635,1.3624,1.3626,497393.6
2026-03-07 04:30:00+00:00,1.3625,1.3632,1.3606,1.3606,529436.4
2026-03-07 04:35:00+00:00,1.3606,1.364,1.3603,1.3638,564251.8
2026-03-07 04:40:00+00:00,1.3638,1.3643,1.3622,1.3629,441599.8
2026-03-07 04:45:00+00:00,1.3628,1.363,1.362,1.3629,334931.5
2026-03-07 04:50:00+00:00,1.3628,1.3635,1.3622,1.363,489209.5
2026-03-07 04:55:00+00:00,1.363,1.3635,1.3622,1.3623,280600.8
2026-03-07 05:00:00+00:00,1.3622,1.364,1.3613,1.3613,1745874.5
2026-03-07 05:05:00+00:00,1.3614,1.3635,1.3614,1.3632,723745.8
2026-03-07 05:10:00+00:00,1.3632,1.3634,1.3613,1.3625,839726.3
2026-03-07 05:15:00+00:00,1.3625,1.364,1.3618,1.364,773423.0
2026-03-07 05:20:00+00:00,1.3639,1.3659,1.3637,1.3653,765664.8
2026-03-07 05:25:00+00:00,1.3654,1.3654,1.3641,1.3648,266965.8
2026-03-07 05:30:00+00:00,1.3648,1.3648,1.3632,1.3634,416390.4
2026-03-07 05:35:00+00:00,1.3634,1.3651,1.3631,1.3651,776634.3
2026-03-07 05:40:00+00:00,1.3651,1.3668,1.3651,1.3662,1995400.4
2026-03-07 05:45:00+00:00,1.3662,1.3668,1.366,1.3661,417421.1
2026-03-07 05:50:00+00:00,1.3662,1.3667,1.3652,1.3665,511512.2
2026-03-07 05:55:00+00:00,1.3665,1.3668,1.3655,1.3662,451348.9
2026-03-07 06:00:00+00:00,1.3662,1.3679,1.3658,1.3676,806513.4
2026-03-07 06:05:00+00:00,1.3675,1.3675,1.3661,1.3661,493143.8
2026-03-07 06:10:00+00:00,1.3662,1.3666,1.3655,1.3656,300705.1
2026-03-07 06:15:00+00:00,1.3655,1.3661,1.3651,1.3652,341223.9
2026-03-07 06:20:00+00:00,1.3652,1.3653,1.364,1.3648,599687.7
2026-03-07 06:25:00+00:00,1.3648,1.365,1.3638,1.3641,716575.7
2026-03-07 06:30:00+00:00,1.364,1.3645,1.362,1.3624,596369.0
2026-03-07 06:35:00+00:00,1.3625,1.3638,1.3616,1.3632,864670.4
2026-03-07 06:40:00+00:00,1.3633,1.365,1.3632,1.3648,410143.6
2026-03-07 06:45:00+00:00,1.3647,1.3654,1.3641,1.3647,312615.0
2026-03-07 06:50:00+00:00,1.3647,1.3647,1.3609,1.362,1539140.5
2026-03-07 06:55:00+00:00,1.362,1.3637,1.362,1.3629,728103.5
2026-03-07 07:00:00+00:00,1.3628,1.3641,1.3628,1.3628,1282599.9
2026-03-07 07:05:00+00:00,1.3628,1.3639,1.3605,1.3619,1895792.3
2026-03-07 07:10:00+00:00,1.3619,1.365,1.3617,1.3645,1583653.8
2026-03-07 07:15:00+00:00,1.3645,1.3647,1.3637,1.3642,624230.9
2026-03-07 07:20:00+00:00,1.3641,1.3648,1.3625,1.3642,896707.1
2026-03-07 07:25:00+00:00,1.3642,1.3645,1.3632,1.3632,541029.7
2026-03-07 07:30:00+00:00,1.3632,1.3636,1.3627,1.3634,482236.1
2026-03-07 07:35:00+00:00,1.3635,1.3636,1.3615,1.3617,407233.8
2026-03-07 07:40:00+00:00,1.3617,1.364,1.3617,1.3638,347660.6
2026-03-07 07:45:00+00:00,1.3638,1.3648,1.3637,1.3644,351754.4
2026-03-07 07:50:00+00:00,1.3644,1.3665,1.3643,1.3661,528889.8
2026-03-07 07:55:00+00:00,1.3662,1.3671,1.3656,1.3663,669416.7
2026-03-07 08:00:00+00:00,1.3662,1.3679,1.3657,1.3676,1059546.6
2026-03-07 08:05:00+00:00,1.3677,1.3677,1.3666,1.3667,844203.9
2026-03-07 08:10:00+00:00,1.3667,1.3668,1.3657,1.3664,656548.3
2026-03-07 08:15:00+00:00,1.3663,1.3685,1.3661,1.3681,709067.6
2026-03-07 08:20:00+00:00,1.368,1.3683,1.3662,1.3671,1086210.3
2026-03-07 08:25:00+00:00,1.3671,1.3673,1.3662,1.3662,313729.8
2026-03-07 08:30:00+00:00,1.3661,1.3675,1.3655,1.3657,691233.2
2026-03-07 08:35:00+00:00,1.3656,1.3665,1.3653,1.366,820857.4
2026-03-07 08:40:00+00:00,1.366,1.3665,1.3658,1.366,198811.3
2026-03-07 08:45:00+00:00,1.3659,1.3665,1.3656,1.3664,405145.4
2026-03-07 08:50:00+00:00,1.3665,1.367,1.366,1.366,664725.1
2026-03-07 08:55:00+00:00,1.366,1.3661,1.3636,1.3644,743020.4
2026-03-07 09:00:00+00:00,1.3643,1.3644,1.3622,1.3627,1324323.2
2026-03-07 09:05:00+00:00,1.3627,1.3633,1.3626,1.3632,395816.4
2026-03-07 09:10:00+00:00,1.3631,1.3648,1.363,1.3643,533208.8
2026-03-07 09:15:00+00:00,1.3644,1.3673,1.3644,1.3654,1118162.6
2026-03-07 09:20:00+00:00,1.3655,1.366,1.3643,1.3652,548821.3
2026-03-07 09:25:00+00:00,1.3653,1.3657,1.3646,1.3651,282448.3
2026-03-07 09:30:00+00:00,1.365,1.3657,1.3643,1.3643,509246.0
2026-03-07 09:35:00+00:00,1.3644,1.3653,1.3643,1.3651,317212.1
2026-03-07 09:40:00+00:00,1.3652,1.3661,1.3646,1.366,2279348.6
2026-03-07 09:45:00+00:00,1.3659,1.3665,1.3648,1.3655,949045.3
2026-03-07 09:50:00+00:00,1.3655,1.366,1.3652,1.3654,321324.1
2026-03-07 09:55:00+00:00,1.3655,1.3664,1.3642,1.3647,2009171.5
2026-03-07 10:00:00+00:00,1.3646,1.3663,1.3641,1.3663,294472.9
2026-03-07 10:05:00+00:00,1.3662,1.3668,1.3657,1.3666,274419.7
2026-03-07 10:10:00+00:00,1.3666,1.3674,1.3663,1.3673,548784.8
2026-03-07 10:15:00+00:00,1.3673,1.3675,1.3653,1.3658,471787.0
2026-03-07 10:20:00+00:00,1.3658,1.3661,1.3654,1.3658,203696.0
2026-03-07 10:25:00+00:00,1.3657,1.3659,1.365,1.3652,308505.5
2026-03-07 10:30:00+00:00,1.3652,1.3657,1.3649,1.3652,318799.0
2026-03-07 10:35:00+00:00,1.3652,1.3664,1.3652,1.3663,210857.1
2026-03-07 10:40:00+00:00,1.3664,1.3665,1.366,1.3661,157649.2
2026-03-07 10:45:00+00:00,1.366,1.3668,1.3655,1.3666,256094.1
2026-03-07 10:50:00+00:00,1.3667,1.3667,1.365,1.3656,453312.8
2026-03-07 10:55:00+00:00,1.3656,1.3659,1.365,1.365,348993.1
2026-03-07 11:00:00+00:00,1.3651,1.3655,1.3645,1.3652,457288.6
2026-03-07 11:05:00+00:00,1.3653,1.3664,1.3644,1.3654,393363.8
2026-03-07 11:10:00+00:00,1.3654,1.3726,1.3651,1.3721,2816726.8
2026-03-07 11:15:00+00:00,1.372,1.3725,1.3705,1.3712,2473211.9
2026-03-07 11:20:00+00:00,1.3713,1.3722,1.3701,1.3707,982285.7
2026-03-07 11:25:00+00:00,1.3706,1.3719,1.3706,1.3708,968539.2
2026-03-07 11:30:00+00:00,1.3709,1.3709,1.3698,1.3706,686810.6
2026-03-07 11:35:00+00:00,1.3706,1.3711,1.3698,1.3701,383351.6
2026-03-07 11:40:00+00:00,1.3702,1.3703,1.3695,1.3699,472482.4
2026-03-07 11:45:00+00:00,1.37,1.3704,1.3695,1.3696,471542.1
2026-03-07 11:50:00+00:00,1.3695,1.3704,1.3692,1.3699,519129.0
2026-03-07 11:55:00+00:00,1.3699,1.3701,1.3689,1.3689,628017.7
2026-03-07 12:00:00+00:00,1.3689,1.369,1.3664,1.3678,1223834.0
2026-03-07 12:05:00+00:00,1.3679,1.368,1.3648,1.3649,1099047.3
2026-03-07 12:10:00+00:00,1.365,1.3655,1.3644,1.3651,875366.9
2026-03-07 12:15:00+00:00,1.3651,1.366,1.365,1.3652,551773.2
2026-03-07 12:20:00+00:00,1.3652,1.366,1.365,1.3657,431837.2
2026-03-07 12:25:00+00:00,1.3657,1.3665,1.3654,1.3657,489062.9
2026-03-07 12:30:00+00:00,1.3658,1.3663,1.3647,1.366,730760.4
2026-03-07 12:35:00+00:00,1.366,1.366,1.3648,1.365,352495.5
2026-03-07 12:40:00+00:00,1.365,1.3651,1.3631,1.3637,1232926.1
2026-03-07 12:45:00+00:00,1.3636,1.3643,1.3613,1.362,1819849.2
2026-03-07 12:50:00+00:00,1.362,1.3637,1.3619,1.3632,767936.9
2026-03-07 12:55:00+00:00,1.3633,1.3634,1.3627,1.3633,452631.1
2026-03-07 13:00:00+00:00,1.3632,1.3645,1.3627,1.3639,827469.9
2026-03-07 13:05:00+00:00,1.3639,1.3642,1.3616,1.3628,835954.2
2026-03-07 13:10:00+00:00,1.3628,1.3629,1.3623,1.3627,774442.0
2026-03-07 13:15:00+00:00,1.3627,1.3643,1.3623,1.3624,722307.8
2026-03-07 13:20:00+00:00,1.3624,1.3637,1.3622,1.3636,395768.9
2026-03-07 13:25:00+00:00,1.3635,1.3649,1.3635,1.3642,494584.4
2026-03-07 13:30:00+00:00,1.3642,1.3665,1.3641,1.3645,1382219.8
2026-03-07 13:35:00+00:00,1.3644,1.3653,1.3607,1.3616,1178611.6
2026-03-07 13:40:00+00:00,1.3616,1.3637,1.3616,1.3624,706071.5
2026-03-07 13:45:00+00:00,1.3625,1.3636,1.3621,1.3627,506150.2
2026-03-07 13:50:00+00:00,1.3627,1.3637,1.3625,1.3629,277900.4
2026-03-07 13:55:00+00:00,1.3628,1.3629,1.3612,1.362,757491.4
2026-03-07 14:00:00+00:00,1.3619,1.362,1.3568,1.3583,4298134.4
2026-03-07 14:05:00+00:00,1.3583,1.3584,1.3558,1.3565,2566070.8
2026-03-07 14:10:00+00:00,1.3566,1.3579,1.3555,1.3578,2330909.6
2026-03-07 14:15:00+00:00,1.3577,1.3587,1.3572,1.3581,1322237.7
2026-03-07 14:20:00+00:00,1.3581,1.3589,1.3569,1.3585,509321.9
2026-03-07 14:25:00+00:00,1.3585,1.3592,1.3584,1.3588,670407.8
2026-03-07 14:30:00+00:00,1.3588,1.3594,1.3585,1.3587,536572.6
2026-03-07 14:35:00+00:00,1.3587,1.3661,1.3587,1.3658,2830197.0
2026-03-07 14:40:00+00:00,1.3659,1.366,1.3639,1.3642,2524756.7
2026-03-07 14:45:00+00:00,1.3642,1.3647,1.3633,1.3639,989120.8
2026-03-07 14:50:00+00:00,1.3639,1.3649,1.3632,1.3636,858733.3
2026-03-07 14:55:00+00:00,1.3636,1.3637,1.3628,1.3628,361796.3
2026-03-07 15:00:00+00:00,1.3628,1.3628,1.3603,1.3605,1018032.5
2026-03-07 15:05:00+00:00,1.3605,1.3612,1.3596,1.36,1040585.9
2026-03-07 15:10:00+00:00,1.36,1.3607,1.3591,1.3602,1074195.5
2026-03-07 15:15:00+00:00,1.3602,1.3609,1.3592,1.3592,1196552.2
2026-03-07 15:20:00+00:00,1.3592,1.3604,1.3582,1.3603,1207741.4
2026-03-07 15:25:00+00:00,1.3602,1.3602,1.3588,1.3597,1028478.5
2026-03-07 15:30:00+00:00,1.3597,1.3608,1.3571,1.3604,1107623.0
2026-03-07 15:35:00+00:00,1.3604,1.3608,1.3537,1.355,1843211.7
2026-03-07 15:40:00+00:00,1.3551,1.3557,1.3541,1.3551,1002391.1
2026-03-07 15:45:00+00:00,1.355,1.3555,1.354,1.3542,2235077.2
2026-03-07 15:50:00+00:00,1.3543,1.3561,1.3543,1.356,767380.5
2026-03-07 15:55:00+00:00,1.3559,1.3572,1.3558,1.3561,1077604.9
2026-03-07 16:00:00+00:00,1.3561,1.3569,1.3551,1.3558,2047791.9
2026-03-07 16:05:00+00:00,1.3557,1.3567,1.3549,1.3562,870555.1
2026-03-07 16:10:00+00:00,1.3562,1.3574,1.3561,1.3572,692646.4
2026-03-07 16:15:00+00:00,1.3571,1.3573,1.3548,1.3553,1153857.6
2026-03-07 16:20:00+00:00,1.3553,1.3577,1.3549,1.356,1034493.2
2026-03-07 16:25:00+00:00,1.3559,1.3578,1.3559,1.3573,583818.0
2026-03-07 16:30:00+00:00,1.3573,1.3583,1.3571,1.3577,435728.1
2026-03-07 16:35:00+00:00,1.3576,1.3591,1.3571,1.3583,353702.4
2026-03-07 16:40:00+00:00,1.3584,1.3592,1.3571,1.359,532268.0
2026-03-07 16:45:00+00:00,1.3589,1.3591,1.3573,1.3583,422889.7
2026-03-07 16:50:00+00:00,1.3583,1.3596,1.358,1.3594,473975.5
2026-03-07 16:55:00+00:00,1.3594,1.3603,1.3588,1.3599,492224.0
2026-03-07 17:00:00+00:00,1.36,1.3617,1.3599,1.3614,1343630.5
2026-03-07 17:05:00+00:00,1.3613,1.3617,1.3604,1.3616,482674.6
2026-03-07 17:10:00+00:00,1.3617,1.3617,1.3604,1.3615,376574.0
2026-03-07 17:15:00+00:00,1.3616,1.3625,1.3609,1.3615,696333.8
2026-03-07 17:20:00+00:00,1.3616,1.364,1.3615,1.3629,1004299.6
2026-03-07 17:25:00+00:00,1.3628,1.3631,1.3622,1.3628,326888.9
2026-03-07 17:30:00+00:00,1.3629,1.3629,1.3624,1.3628,282191.3
2026-03-07 17:35:00+00:00,1.3628,1.363,1.3625,1.3628,331219.7
2026-03-07 17:40:00+00:00,1.3628,1.3631,1.3623,1.3627,505707.3
2026-03-07 17:45:00+00:00,1.3627,1.3628,1.362,1.3621,762447.8
2026-03-07 17:50:00+00:00,1.3621,1.3624,1.3621,1.3623,539407.4
2026-03-07 17:55:00+00:00,1.3623,1.3624,1.3594,1.3597,1462712.8
2026-03-07 18:00:00+00:00,1.3598,1.36,1.3496,1.3549,9675518.6
2026-03-07 18:05:00+00:00,1.3549,1.3552,1.3526,1.3535,1676660.5
2026-03-07 18:10:00+00:00,1.3535,1.3558,1.3534,1.3552,1674469.1
2026-03-07 18:15:00+00:00,1.3551,1.3566,1.3547,1.3547,781605.7
2026-03-07 18:20:00+00:00,1.3547,1.3565,1.3541,1.3556,708373.3
2026-03-07 18:25:00+00:00,1.3555,1.3567,1.3552,1.3564,926663.2
2026-03-07 18:30:00+00:00,1.3563,1.3563,1.3529,1.3537,867433.7
2026-03-07 18:35:00+00:00,1.3537,1.3549,1.3531,1.3548,457506.9
2026-03-07 18:40:00+00:00,1.3549,1.3562,1.3548,1.3562,432261.4
2026-03-07 18:45:00+00:00,1.3562,1.3565,1.3551,1.356,308449.4
2026-03-07 18:50:00+00:00,1.3559,1.3567,1.3556,1.3564,237039.8
2026-03-07 18:55:00+00:00,1.3563,1.3569,1.3559,1.3562,243202.7
2026-03-07 19:00:00+00:00,1.3561,1.3562,1.3528,1.3533,1383697.0
2026-03-07 19:05:00+00:00,1.3533,1.3549,1.3528,1.3539,671624.7
2026-03-07 19:10:00+00:00,1.3539,1.3546,1.3537,1.3537,353394.8
2026-03-07 19:15:00+00:00,1.3538,1.3545,1.3501,1.3516,1929416.5
2026-03-07 19:20:00+00:00,1.3517,1.3533,1.3514,1.3515,1054633.6
2026-03-07 19:25:00+00:00,1.3515,1.3528,1.3491,1.3504,2269978.2
2026-03-07 19:30:00+00:00,1.3503,1.3526,1.3494,1.3512,1209733.4
2026-03-07 19:35:00+00:00,1.3513,1.3533,1.351,1.3529,825125.7
2026-03-07 19:40:00+00:00,1.3529,1.354,1.3522,1.353,854552.3
2026-03-07 19:45:00+00:00,1.353,1.3532,1.3497,1.3497,713257.4
2026-03-07 19:50:00+00:00,1.3498,1.35,1.3474,1.3481,3450214.0
2026-03-07 19:55:00+00:00,1.3481,1.3496,1.3456,1.3496,2961089.4
2026-03-07 20:00:00+00:00,1.3495,1.3521,1.3493,1.3517,1486632.4
2026-03-07 20:05:00+00:00,1.3517,1.3534,1.3512,1.3521,997608.1
2026-03-07 20:10:00+00:00,1.352,1.3539,1.3518,1.3526,1066361.7
2026-03-07 20:15:00+00:00,1.3526,1.3534,1.352,1.3522,324007.8
2026-03-07 20:20:00+00:00,1.3522,1.3536,1.3512,1.3536,725963.0
2026-03-07 20:25:00+00:00,1.3535,1.3545,1.3532,1.3535,689871.8
2026-03-07 20:30:00+00:00,1.3535,1.3549,1.3527,1.3528,1941031.8
2026-03-07 20:35:00+00:00,1.3528,1.3555,1.3528,1.3551,931252.4
2026-03-07 20:40:00+00:00,1.3552,1.3554,1.3544,1.3546,263160.1
2026-03-07 20:45:00+00:00,1.3546,1.3551,1.354,1.3544,405127.9
2026-03-07 20:50:00+00:00,1.3544,1.3544,1.3533,1.3543,668417.3
2026-03-07 20:55:00+00:00,1.3542,1.355,1.354,1.3541,370565.0
2026-03-07 21:00:00+00:00,1.3541,1.3556,1.3535,1.3542,918080.1
2026-03-07 21:05:00+00:00,1.3542,1.3583,1.3542,1.3583,1601030.2
2026-03-07 21:10:00+00:00,1.3582,1.3585,1.3561,1.3562,4028503.9
2026-03-07 21:15:00+00:00,1.3562,1.3577,1.3556,1.3557,588191.6
2026-03-07 21:20:00+00:00,1.3557,1.3568,1.3555,1.3566,219893.0
2026-03-07 21:25:00+00:00,1.3566,1.3579,1.3564,1.3573,384976.2
2026-03-07 21:30:00+00:00,1.3573,1.3577,1.3559,1.3571,510682.7
2026-03-07 21:35:00+00:00,1.3571,1.3571,1.3551,1.356,592081.7
2026-03-07 21:40:00+00:00,1.356,1.3568,1.3559,1.3567,372543.3
2026-03-07 21:45:00+00:00,1.3568,1.3568,1.3548,1.3556,505920.1
2026-03-07 21:50:00+00:00,1.3555,1.3556,1.3543,1.3554,554979.6
2026-03-07 21:55:00+00:00,1.3554,1.3563,1.3548,1.3557,504454.6
2026-03-07 22:00:00+00:00,1.3558,1.3561,1.3547,1.3551,373630.7
2026-03-07 22:05:00+00:00,1.3551,1.3557,1.3536,1.3537,496285.1
2026-03-07 22:10:00+00:00,1.3537,1.3537,1.3522,1.3522,864497.0
2026-03-07 22:15:00+00:00,1.3522,1.3536,1.3522,1.3532,327324.2
2026-03-07 22:20:00+00:00,1.3532,1.3532,1.3511,1.3532,618781.1
2026-03-07 22:25:00+00:00,1.3532,1.3535,1.3523,1.3531,567662.8
2026-03-07 22:30:00+00:00,1.3531,1.3538,1.3504,1.3516,930456.9
2026-03-07 22:35:00+00:00,1.3516,1.3531,1.3495,1.3529,1892068.5
2026-03-07 22:40:00+00:00,1.353,1.3544,1.3529,1.3536,733397.1
2026-03-07 22:45:00+00:00,1.3536,1.3555,1.3536,1.3549,512814.3
2026-03-07 22:50:00+00:00,1.3549,1.3549,1.3531,1.3535,451303.3
2026-03-07 22:55:00+00:00,1.3535,1.3535,1.3515,1.3528,555376.8
2026-03-07 23:00:00+00:00,1.3528,1.3546,1.3518,1.3541,758077.9
2026-03-07 23:05:00+00:00,1.3541,1.3548,1.3535,1.3535,548803.2
2026-03-07 23:10:00+00:00,1.3534,1.3544,1.3533,1.3541,289754.8
2026-03-07 23:15:00+00:00,1.3541,1.3552,1.3534,1.3547,337921.8
2026-03-07 23:20:00+00:00,1.3546,1.356,1.3546,1.3557,281157.8
2026-03-07 23:25:00+00:00,1.3557,1.3564,1.3548,1.3554,280295.8
2026-03-07 23:30:00+00:00,1.3555,1.356,1.3546,1.355,729755.2
2026-03-07 23:35:00+00:00,1.3551,1.3561,1.3549,1.3552,553862.9
2026-03-07 23:40:00+00:00,1.3552,1.3556,1.3549,1.3554,273430.3
2026-03-07 23:45:00+00:00,1.3555,1.3563,1.3551,1.3552,409483.4
2026-03-07 23:50:00+00:00,1.3553,1.3558,1.3552,1.3554,270505.7
2026-03-07 23:55:00+00:00,1.3554,1.3562,1.3553,1.356,321383.3
2026-03-08 00:00:00+00:00,1.3559,1.3585,1.3559,1.3583,1179666.9
2026-03-08 00:05:00+00:00,1.3582,1.3593,1.358,1.3588,1165134.0
2026-03-08 00:10:00+00:00,1.3589,1.3595,1.3577,1.3579,801204.8
2026-03-08 00:15:00+00:00,1.3579,1.3585,1.3576,1.3577,591269.1
2026-03-08 00:20:00+00:00,1.3577,1.3582,1.355,1.3554,1143760.0
2026-03-08 00:25:00+00:00,1.3555,1.3557,1.3549,1.3555,491140.7
2026-03-08 00:30:00+00:00,1.3555,1.356,1.3552,1.3555,375679.8
2026-03-08 00:35:00+00:00,1.3554,1.3554,1.3539,1.3547,1066114.7
2026-03-08 00:40:00+00:00,1.3546,1.355,1.3533,1.3547,676624.2
2026-03-08 00:45:00+00:00,1.3547,1.3551,1.353,1.3535,778664.9
2026-03-08 00:50:00+00:00,1.3535,1.3543,1.3531,1.3542,322024.0
2026-03-08 00:55:00+00:00,1.3541,1.3545,1.3535,1.3541,270018.0
2026-03-08 01:00:00+00:00,1.354,1.3545,1.3518,1.3518,932397.0
2026-03-08 01:05:00+00:00,1.3519,1.3545,1.3515,1.354,1002557.4
2026-03-08 01:10:00+00:00,1.354,1.354,1.3519,1.353,714668.9
2026-03-08 01:15:00+00:00,1.353,1.3548,1.3529,1.3529,1520001.9
2026-03-08 01:20:00+00:00,1.3529,1.354,1.3526,1.3534,369895.9
2026-03-08 01:25:00+00:00,1.3535,1.3541,1.352,1.3521,384533.3
2026-03-08 01:30:00+00:00,1.3521,1.3521,1.35,1.35,1259539.3
2026-03-08 01:35:00+00:00,1.3501,1.3526,1.35,1.3524,792697.0
2026-03-08 01:40:00+00:00,1.3524,1.3552,1.3523,1.3549,579647.3
2026-03-08 01:45:00+00:00,1.355,1.3565,1.3548,1.3565,397220.7
2026-03-08 01:50:00+00:00,1.3564,1.357,1.3561,1.3566,443999.5
2026-03-08 01:55:00+00:00,1.3567,1.3567,1.3557,1.3563,421048.0
2026-03-08 02:00:00+00:00,1.3563,1.3565,1.3556,1.3563,530170.8
2026-03-08 02:05:00+00:00,1.3563,1.3564,1.3548,1.3553,473570.9
2026-03-08 02:10:00+00:00,1.3553,1.3558,1.3543,1.3557,567522.6
2026-03-08 02:15:00+00:00,1.3557,1.3563,1.3541,1.3547,580138.5
2026-03-08 02:20:00+00:00,1.3548,1.3556,1.3546,1.3547,221979.0
2026-03-08 02:25:00+00:00,1.3547,1.3551,1.3516,1.3517,719155.0
2026-03-08 02:30:00+00:00,1.3516,1.3517,1.3499,1.3513,2405981.5
2026-03-08 02:35:00+00:00,1.3513,1.352,1.3502,1.3513,777503.7
2026-03-08 02:40:00+00:00,1.3513,1.3551,1.3511,1.3545,1426431.6
2026-03-08 02:45:00+00:00,1.3545,1.3545,1.347,1.3473,2781250.9
2026-03-08 02:50:00+00:00,1.3472,1.3484,1.3435,1.3478,5665711.4
2026-03-08 02:55:00+00:00,1.3477,1.3483,1.3458,1.3468,1212085.0
2026-03-08 03:00:00+00:00,1.3468,1.3473,1.345,1.345,1704617.6
2026-03-08 03:05:00+00:00,1.345,1.3457,1.3435,1.3436,1603885.9
2026-03-08 03:10:00+00:00,1.3435,1.347,1.3435,1.3467,1482615.8
2026-03-08 03:15:00+00:00,1.3467,1.3491,1.3467,1.348,937925.6
2026-03-08 03:20:00+00:00,1.3479,1.3505,1.3472,1.3501,1286988.5
2026-03-08 03:25:00+00:00,1.3502,1.3502,1.3483,1.3484,766031.6
2026-03-08 03:30:00+00:00,1.3485,1.3491,1.3478,1.3491,1045527.7
2026-03-08 03:35:00+00:00,1.3491,1.3496,1.3484,1.3486,486871.4
2026-03-08 03:40:00+00:00,1.3486,1.3502,1.3479,1.35,1621187.5
2026-03-08 03:45:00+00:00,1.3499,1.3507,1.3489,1.3491,586581.6
2026-03-08 03:50:00+00:00,1.349,1.3496,1.3472,1.3474,566215.2
2026-03-08 03:55:00+00:00,1.3475,1.3487,1.3473,1.3476,464709.3
2026-03-08 04:00:00+00:00,1.3477,1.3493,1.3456,1.3483,1678900.0
2026-03-08 04:05:00+00:00,1.3483,1.3483,1.3465,1.3468,821402.6
2026-03-08 04:10:00+00:00,1.3468,1.3471,1.3445,1.3458,1202435.5
2026-03-08 04:15:00+00:00,1.3458,1.3463,1.3448,1.3463,1076657.0
2026-03-08 04:20:00+00:00,1.3463,1.3466,1.3452,1.3456,420774.6
2026-03-08 04:25:00+00:00,1.3457,1.3458,1.3446,1.3455,511233.1
2026-03-08 04:30:00+00:00,1.3454,1.3458,1.3449,1.345,491557.6
2026-03-08 04:35:00+00:00,1.345,1.345,1.3431,1.3447,1289206.8
2026-03-08 04:40:00+00:00,1.3448,1.3455,1.3437,1.3448,499941.6
2026-03-08 04:45:00+00:00,1.3449,1.3452,1.3436,1.3442,948653.2
2026-03-08 04:50:00+00:00,1.3442,1.3451,1.3416,1.342,2212215.2
2026-03-08 04:55:00+00:00,1.342,1.3433,1.3405,1.3431,2397544.3
2026-03-08 05:00:00+00:00,1.343,1.3466,1.3429,1.3456,1210139.1
2026-03-08 05:05:00+00:00,1.3456,1.3491,1.3454,1.3482,1847984.3
2026-03-08 05:10:00+00:00,1.3482,1.3506,1.3482,1.3502,1847763.2
2026-03-08 05:15:00+00:00,1.3501,1.3557,1.3496,1.3543,2855448.6
2026-03-08 05:20:00+00:00,1.3543,1.3553,1.3528,1.354,2277481.1
2026-03-08 05:25:00+00:00,1.3539,1.3547,1.3537,1.3538,747997.0
2026-03-08 05:30:00+00:00,1.3538,1.3552,1.3535,1.3544,938966.8
2026-03-08 05:35:00+00:00,1.3545,1.3545,1.3526,1.3527,592201.0
2026-03-08 05:40:00+00:00,1.3526,1.3531,1.3516,1.3524,735194.4
2026-03-08 05:45:00+00:00,1.3524,1.3532,1.3519,1.3532,470018.4
2026-03-08 05:50:00+00:00,1.3532,1.3539,1.3526,1.3538,691851.4
2026-03-08 05:55:00+00:00,1.3538,1.3546,1.3524,1.3528,558532.2
2026-03-08 06:00:00+00:00,1.3528,1.3544,1.3526,1.3535,706550.2
2026-03-08 06:05:00+00:00,1.3535,1.3536,1.3516,1.3517,661781.6
2026-03-08 06:10:00+00:00,1.3518,1.3523,1.3498,1.3498,1077620.9
2026-03-08 06:15:00+00:00,1.3499,1.3504,1.3491,1.3494,664310.6
2026-03-08 06:20:00+00:00,1.3494,1.3499,1.3491,1.3494,436513.5
2026-03-08 06:25:00+00:00,1.3493,1.3507,1.3493,1.3496,456247.5
2026-03-08 06:30:00+00:00,1.3497,1.3502,1.3489,1.3491,473527.2
2026-03-08 06:35:00+00:00,1.3491,1.3501,1.349,1.3501,348923.9
2026-03-08 06:40:00+00:00,1.3501,1.3508,1.3499,1.3507,597638.3
2026-03-08 06:45:00+00:00,1.3507,1.3512,1.3491,1.3494,1231559.1
2026-03-08 06:50:00+00:00,1.3494,1.3514,1.3494,1.3513,537245.9
2026-03-08 06:55:00+00:00,1.3513,1.3531,1.3513,1.3513,762707.7
2026-03-08 07:00:00+00:00,1.3513,1.3542,1.3508,1.3542,1148437.5
2026-03-08 07:05:00+00:00,1.3541,1.3583,1.3541,1.3582,3236151.4
2026-03-08 07:10:00+00:00,1.3582,1.3594,1.358,1.3586,1894302.2
2026-03-08 07:15:00+00:00,1.3585,1.3616,1.358,1.3597,3523143.9
2026-03-08 07:20:00+00:00,1.3598,1.3618,1.3583,1.3585,1633563.9
2026-03-08 07:25:00+00:00,1.3584,1.3593,1.3568,1.3584,1568586.2
2026-03-08 07:30:00+00:00,1.3585,1.3599,1.3582,1.3593,1213257.0
2026-03-08 07:35:00+00:00,1.3593,1.3596,1.358,1.359,903392.6
2026-03-08 07:40:00+00:00,1.3591,1.3615,1.3586,1.3605,1173527.8
2026-03-08 07:45:00+00:00,1.3606,1.362,1.3593,1.3594,1700193.7
2026-03-08 07:50:00+00:00,1.3593,1.3603,1.3582,1.3583,899799.8
2026-03-08 07:55:00+00:00,1.3583,1.3599,1.3579,1.3594,609237.4
2026-03-08 08:00:00+00:00,1.3593,1.3601,1.3573,1.3594,1642161.9
2026-03-08 08:05:00+00:00,1.3594,1.3595,1.3577,1.3577,909046.8
2026-03-08 08:10:00+00:00,1.3578,1.358,1.3555,1.3556,1554946.4
2026-03-08 08:15:00+00:00,1.3555,1.356,1.3535,1.3553,2144880.2
2026-03-08 08:20:00+00:00,1.3552,1.3558,1.3547,1.3555,621180.7
2026-03-08 08:25:00+00:00,1.3555,1.3561,1.3551,1.3558,389028.0
2026-03-08 08:30:00+00:00,1.3558,1.3564,1.3539,1.3563,672926.1
2026-03-08 08:35:00+00:00,1.3562,1.3582,1.3561,1.3582,680950.8
2026-03-08 08:40:00+00:00,1.3582,1.3604,1.358,1.3599,1729184.1
2026-03-08 08:45:00+00:00,1.3598,1.3609,1.3588,1.3589,926736.3
2026-03-08 08:50:00+00:00,1.359,1.3591,1.3581,1.3586,757350.4
2026-03-08 08:55:00+00:00,1.3587,1.3591,1.3581,1.3581,575848.9
2026-03-08 09:00:00+00:00,1.3581,1.3581,1.355,1.3562,1126330.6
2026-03-08 09:05:00+00:00,1.3563,1.3571,1.3562,1.3562,685348.0
2026-03-08 09:10:00+00:00,1.3562,1.3614,1.3561,1.3601,1884603.4
2026-03-08 09:15:00+00:00,1.3602,1.3656,1.3597,1.3635,4037831.8
2026-03-08 09:20:00+00:00,1.3634,1.3638,1.362,1.3628,1311040.1
2026-03-08 09:25:00+00:00,1.3629,1.3647,1.3623,1.3639,861363.5
2026-03-08 09:30:00+00:00,1.3639,1.364,1.3619,1.362,895364.7
2026-03-08 09:35:00+00:00,1.3619,1.3624,1.3608,1.3614,679661.6
2026-03-08 09:40:00+00:00,1.3615,1.362,1.3612,1.3613,597036.4
2026-03-08 09:45:00+00:00,1.3614,1.3618,1.3608,1.3616,709135.8
2026-03-08 09:50:00+00:00,1.3616,1.3619,1.3607,1.3608,585755.4
2026-03-08 09:55:00+00:00,1.3609,1.3614,1.3601,1.3603,681277.4
2026-03-08 10:00:00+00:00,1.3604,1.3619,1.3602,1.3615,644066.5
2026-03-08 10:05:00+00:00,1.3615,1.3628,1.3609,1.3611,968844.1
2026-03-08 10:10:00+00:00,1.361,1.3616,1.3606,1.3615,595329.7
2026-03-08 10:15:00+00:00,1.3615,1.3643,1.3611,1.364,1090619.2
2026-03-08 10:20:00+00:00,1.3639,1.3697,1.3634,1.3686,3699550.3
2026-03-08 10:25:00+00:00,1.3685,1.3705,1.3678,1.368,3422019.4
2026-03-08 10:30:00+00:00,1.3679,1.3687,1.3662,1.3687,1615875.6
2026-03-08 10:35:00+00:00,1.3687,1.369,1.367,1.3679,2026625.4
2026-03-08 10:40:00+00:00,1.3679,1.3686,1.367,1.3683,815380.5
2026-03-08 10:45:00+00:00,1.3683,1.3684,1.3675,1.3678,634183.1
2026-03-08 10:50:00+00:00,1.3678,1.3685,1.3671,1.368,918938.5
2026-03-08 10:55:00+00:00,1.368,1.3682,1.3653,1.3671,2258468.5
2026-03-08 11:00:00+00:00,1.3672,1.3672,1.3644,1.3644,2256573.1
2026-03-08 11:05:00+00:00,1.3644,1.3645,1.3567,1.3591,4846260.5
2026-03-08 11:10:00+00:00,1.3591,1.36,1.3587,1.3589,1310577.6
2026-03-08 11:15:00+00:00,1.3588,1.3604,1.3587,1.3593,1199130.4
2026-03-08 11:20:00+00:00,1.3593,1.3629,1.3592,1.3618,2971874.3
2026-03-08 11:25:00+00:00,1.3617,1.3621,1.3603,1.3608,844934.4
2026-03-08 11:30:00+00:00,1.3608,1.3632,1.3595,1.3599,2039200.7
2026-03-08 11:35:00+00:00,1.3599,1.3608,1.3576,1.3603,1230261.9
2026-03-08 11:40:00+00:00,1.3603,1.3606,1.3565,1.3568,1626646.2
2026-03-08 11:45:00+00:00,1.3569,1.358,1.3557,1.3572,1058044.0
2026-03-08 11:50:00+00:00,1.3573,1.3579,1.3553,1.3573,1194027.1
2026-03-08 11:55:00+00:00,1.3573,1.3577,1.3567,1.3568,457345.5
2026-03-08 12:00:00+00:00,1.3569,1.3584,1.3559,1.3581,840337.9
2026-03-08 12:05:00+00:00,1.3581,1.3583,1.3518,1.3525,2916060.9
2026-03-08 12:10:00+00:00,1.3525,1.3538,1.3458,1.347,5300252.4
2026-03-08 12:15:00+00:00,1.3471,1.3493,1.3434,1.3488,5427371.7
2026-03-08 12:20:00+00:00,1.3488,1.3543,1.3486,1.3531,2229228.0
2026-03-08 12:25:00+00:00,1.353,1.3556,1.3521,1.3545,1459685.5
2026-03-08 12:30:00+00:00,1.3544,1.3544,1.3515,1.3519,1426890.1
2026-03-08 12:35:00+00:00,1.3519,1.3529,1.3514,1.3518,799352.4
2026-03-08 12:40:00+00:00,1.3517,1.3543,1.351,1.3519,1738031.5
2026-03-08 12:45:00+00:00,1.3519,1.3519,1.3497,1.3507,1016900.4
2026-03-08 12:50:00+00:00,1.3508,1.3525,1.3507,1.3512,659468.9
2026-03-08 12:55:00+00:00,1.3512,1.3513,1.3502,1.3511,226228.4
2026-03-08 13:00:00+00:00,1.351,1.353,1.3496,1.3501,1406645.4
2026-03-08 13:05:00+00:00,1.3502,1.3507,1.3486,1.3499,885109.9
2026-03-08 13:10:00+00:00,1.3499,1.35,1.344,1.3445,2835785.3
2026-03-08 13:15:00+00:00,1.3445,1.3473,1.3434,1.347,2070157.7
2026-03-08 13:20:00+00:00,1.3469,1.348,1.3446,1.3453,925772.2
2026-03-08 13:25:00+00:00,1.3454,1.3488,1.3402,1.3476,4904645.6
2026-03-08 13:30:00+00:00,1.3476,1.3476,1.3446,1.3452,1241132.8
2026-03-08 13:35:00+00:00,1.3451,1.3476,1.345,1.3457,802144.2
2026-03-08 13:40:00+00:00,1.3456,1.3459,1.3418,1.3454,2529230.5
2026-03-08 13:45:00+00:00,1.3453,1.3493,1.3445,1.3485,2622894.6
2026-03-08 13:50:00+00:00,1.3485,1.3498,1.3475,1.3483,934031.9
2026-03-08 13:55:00+00:00,1.3484,1.3504,1.3483,1.349,1072641.7
2026-03-08 14:00:00+00:00,1.3491,1.3509,1.3485,1.3503,1119538.9
2026-03-08 14:05:00+00:00,1.3503,1.3523,1.3491,1.3496,1260231.9
2026-03-08 14:10:00+00:00,1.3496,1.3506,1.349,1.3497,684925.4
2026-03-08 14:15:00+00:00,1.3497,1.3518,1.3491,1.3507,943170.7
2026-03-08 14:20:00+00:00,1.3507,1.3511,1.3488,1.3503,630608.2
2026-03-08 14:25:00+00:00,1.3503,1.3503,1.3461,1.3463,840738.7
2026-03-08 14:30:00+00:00,1.3463,1.3495,1.3462,1.347,886685.2
2026-03-08 14:35:00+00:00,1.3471,1.3485,1.3462,1.3479,848873.6
2026-03-08 14:40:00+00:00,1.3479,1.348,1.3444,1.3455,1209583.0
2026-03-08 14:45:00+00:00,1.3456,1.3462,1.3447,1.3455,722714.0
2026-03-08 14:50:00+00:00,1.3455,1.3487,1.3452,1.3486,621567.1
2026-03-08 14:55:00+00:00,1.3486,1.3492,1.3481,1.3485,618721.8
2026-03-08 15:00:00+00:00,1.3486,1.3491,1.3457,1.3482,1102559.7
2026-03-08 15:05:00+00:00,1.3482,1.3486,1.3456,1.3483,924541.9
2026-03-08 15:10:00+00:00,1.3483,1.3487,1.347,1.3482,927096.9
2026-03-08 15:15:00+00:00,1.3481,1.3483,1.3467,1.3482,715653.0
2026-03-08 15:20:00+00:00,1.3483,1.3483,1.3442,1.3456,1432850.9
2026-03-08 15:25:00+00:00,1.3456,1.3458,1.3435,1.3438,638643.7
2026-03-08 15:30:00+00:00,1.3438,1.3448,1.343,1.343,929651.7
2026-03-08 15:35:00+00:00,1.343,1.344,1.3417,1.343,1702966.9
2026-03-08 15:40:00+00:00,1.343,1.3433,1.3424,1.3426,782068.3
2026-03-08 15:45:00+00:00,1.3426,1.3445,1.3423,1.3433,815733.8
2026-03-08 15:50:00+00:00,1.3432,1.3446,1.3423,1.3443,497414.2
2026-03-08 15:55:00+00:00,1.3443,1.3465,1.3432,1.3445,1630485.2
2026-03-08 16:00:00+00:00,1.3445,1.3447,1.3427,1.3432,911641.5
2026-03-08 16:05:00+00:00,1.3431,1.3441,1.342,1.3434,1114687.7
2026-03-08 16:10:00+00:00,1.3434,1.3444,1.3415,1.342,901006.4
2026-03-08 16:15:00+00:00,1.342,1.3424,1.3409,1.3417,1206109.6
2026-03-08 16:20:00+00:00,1.3417,1.3434,1.3402,1.3431,1779078.4
2026-03-08 16:25:00+00:00,1.3431,1.3434,1.3415,1.3419,861261.2
2026-03-08 16:30:00+00:00,1.3418,1.3425,1.3385,1.3388,3127959.9
2026-03-08 16:35:00+00:00,1.3388,1.3397,1.3368,1.3395,3796279.4
2026-03-08 16:40:00+00:00,1.3394,1.3415,1.3394,1.3414,1004989.0
2026-03-08 16:45:00+00:00,1.3414,1.3414,1.3377,1.3389,1158571.1
2026-03-08 16:50:00+00:00,1.3389,1.339,1.3377,1.3386,805972.4
2026-03-08 16:55:00+00:00,1.3385,1.3394,1.3369,1.3384,1166295.1
2026-03-08 17:00:00+00:00,1.3383,1.3443,1.3379,1.3442,2220881.3
2026-03-08 17:05:00+00:00,1.3442,1.3452,1.3433,1.3441,1754764.2
2026-03-08 17:10:00+00:00,1.344,1.3441,1.3411,1.3435,773051.2
2026-03-08 17:15:00+00:00,1.3436,1.3449,1.3428,1.3448,602314.1
2026-03-08 17:20:00+00:00,1.3448,1.3449,1.3423,1.3438,548584.5
2026-03-08 17:25:00+00:00,1.3437,1.3438,1.3421,1.3425,964940.1
2026-03-08 17:30:00+00:00,1.3425,1.3436,1.3406,1.3412,682982.3
2026-03-08 17:35:00+00:00,1.3412,1.3419,1.3402,1.3409,711474.7
2026-03-08 17:40:00+00:00,1.341,1.3412,1.3403,1.3411,638940.9
2026-03-08 17:45:00+00:00,1.3411,1.3435,1.3406,1.3422,1334530.2
2026-03-08 17:50:00+00:00,1.3422,1.3434,1.3421,1.3422,306067.6
2026-03-08 17:55:00+00:00,1.3422,1.343,1.3404,1.3429,797234.6
2026-03-08 18:00:00+00:00,1.343,1.3437,1.3422,1.3437,857811.5
2026-03-08 18:05:00+00:00,1.3437,1.3437,1.3416,1.3419,617178.5
2026-03-08 18:10:00+00:00,1.3419,1.3436,1.3416,1.3423,457845.5
2026-03-08 18:15:00+00:00,1.3424,1.3429,1.3389,1.3409,907891.2
2026-03-08 18:20:00+00:00,1.3409,1.3432,1.3406,1.343,593356.7
2026-03-08 18:25:00+00:00,1.3429,1.3441,1.3429,1.3435,858797.6
2026-03-08 18:30:00+00:00,1.3434,1.3476,1.3432,1.3451,2025353.6
2026-03-08 18:35:00+00:00,1.3451,1.3472,1.344,1.3449,718774.5
2026-03-08 18:40:00+00:00,1.3449,1.345,1.3409,1.3415,1289145.6
2026-03-08 18:45:00+00:00,1.3415,1.3431,1.3411,1.3417,677227.8
2026-03-08 18:50:00+00:00,1.3418,1.3442,1.3418,1.3439,560457.5
2026-03-08 18:55:00+00:00,1.3439,1.3455,1.3439,1.3445,691751.7
2026-03-08 19:00:00+00:00,1.3445,1.3459,1.3422,1.3451,924659.8
2026-03-08 19:05:00+00:00,1.3451,1.3481,1.3446,1.348,834163.3
2026-03-08 19:10:00+00:00,1.348,1.3507,1.3462,1.3488,2288248.9
2026-03-08 19:15:00+00:00,1.3489,1.3542,1.3486,1.3527,2388875.8
2026-03-08 19:20:00+00:00,1.3527,1.3566,1.3519,1.3555,2585523.6
2026-03-08 19:25:00+00:00,1.3555,1.3563,1.3545,1.3559,1042861.8
2026-03-08 19:30:00+00:00,1.3559,1.3589,1.3548,1.3585,2973979.2
2026-03-08 19:35:00+00:00,1.3585,1.3588,1.3565,1.3575,1030701.6
2026-03-08 19:40:00+00:00,1.3575,1.3583,1.3567,1.3581,719483.1
2026-03-08 19:45:00+00:00,1.3582,1.3591,1.3562,1.3563,1263531.1
2026-03-08 19:50:00+00:00,1.3563,1.3563,1.3522,1.3535,1921625.1
2026-03-08 19:55:00+00:00,1.3535,1.3553,1.3535,1.3553,856255.0
2026-03-08 20:00:00+00:00,1.3552,1.3557,1.3529,1.3529,1344351.7
2026-03-08 20:05:00+00:00,1.353,1.3535,1.352,1.3528,1023864.5
2026-03-08 20:10:00+00:00,1.3528,1.3531,1.3512,1.3518,1005190.5
2026-03-08 20:15:00+00:00,1.3518,1.3542,1.3511,1.3534,1013650.3
2026-03-08 20:20:00+00:00,1.3533,1.3543,1.3518,1.3525,679240.7
2026-03-08 20:25:00+00:00,1.3525,1.3537,1.352,1.352,331307.0
2026-03-08 20:30:00+00:00,1.352,1.3578,1.3519,1.3572,2023610.2
2026-03-08 20:35:00+00:00,1.3571,1.3612,1.3567,1.3575,2022803.1
2026-03-08 20:40:00+00:00,1.3575,1.3591,1.3568,1.3569,924755.7
2026-03-08 20:45:00+00:00,1.3568,1.3568,1.3551,1.3557,1002475.7
2026-03-08 20:50:00+00:00,1.3557,1.3571,1.3529,1.3535,1365638.6
2026-03-08 20:55:00+00:00,1.3535,1.3539,1.3523,1.3527,638771.6
2026-03-08 21:00:00+00:00,1.3526,1.3537,1.3515,1.3523,688809.4
2026-03-08 21:05:00+00:00,1.3523,1.3523,1.345,1.3451,2333754.9
2026-03-08 21:10:00+00:00,1.3451,1.3471,1.3434,1.3447,3514238.5
2026-03-08 21:15:00+00:00,1.3448,1.3471,1.3442,1.3458,1044686.5
2026-03-08 21:20:00+00:00,1.3458,1.3485,1.3454,1.3478,809490.8
2026-03-08 21:25:00+00:00,1.3477,1.3483,1.3469,1.3472,387930.4
2026-03-08 21:30:00+00:00,1.3472,1.3483,1.3464,1.3465,624329.5
2026-03-08 21:35:00+00:00,1.3466,1.3475,1.3458,1.3464,601617.9
2026-03-08 21:40:00+00:00,1.3464,1.3476,1.3456,1.3468,540773.7
2026-03-08 21:45:00+00:00,1.3469,1.3478,1.3465,1.347,362788.1
2026-03-08 21:50:00+00:00,1.347,1.3472,1.3458,1.3472,350016.5
2026-03-08 21:55:00+00:00,1.3472,1.3483,1.3461,1.347,497662.2
2026-03-08 22:00:00+00:00,1.3469,1.3469,1.321,1.3243,20783740.3
2026-03-08 22:05:00+00:00,1.3243,1.3345,1.3207,1.3326,11304471.7
2026-03-08 22:10:00+00:00,1.3326,1.3376,1.3288,1.3335,6500244.8
2026-03-08 22:15:00+00:00,1.3335,1.3359,1.3282,1.3294,4200052.3
2026-03-08 22:20:00+00:00,1.3293,1.3311,1.3274,1.3288,4495382.6
2026-03-08 22:25:00+00:00,1.3288,1.3415,1.3287,1.3392,5355261.6
2026-03-08 22:30:00+00:00,1.3393,1.3415,1.3351,1.3412,2921273.2
2026-03-08 22:35:00+00:00,1.3413,1.3486,1.3402,1.342,6211913.1
2026-03-08 22:40:00+00:00,1.342,1.3435,1.3415,1.3423,1104264.4
2026-03-08 22:45:00+00:00,1.3424,1.3473,1.342,1.3433,2118949.4
2026-03-08 22:50:00+00:00,1.3432,1.3454,1.3416,1.3441,1298980.9
2026-03-08 22:55:00+00:00,1.3441,1.3451,1.3435,1.3448,1746380.1
2026-03-08 23:00:00+00:00,1.3449,1.3492,1.3441,1.3485,3443017.7
2026-03-08 23:05:00+00:00,1.3485,1.3495,1.344,1.3447,2111765.1
2026-03-08 23:10:00+00:00,1.3447,1.3478,1.3419,1.3476,2197633.9
2026-03-08 23:15:00+00:00,1.3475,1.3491,1.3457,1.3457,2441462.6
2026-03-08 23:20:00+00:00,1.3457,1.3484,1.3446,1.3475,1684831.1
2026-03-08 23:25:00+00:00,1.3476,1.3486,1.345,1.3467,1227884.0
2026-03-08 23:30:00+00:00,1.3468,1.3484,1.3454,1.346,860197.0
2026-03-08 23:35:00+00:00,1.346,1.3462,1.3417,1.3423,1964947.6
2026-03-08 23:40:00+00:00,1.3423,1.3432,1.3409,1.3413,1363399.2
2026-03-08 23:45:00+00:00,1.3413,1.344,1.3398,1.3429,2401988.0
2026-03-08 23:50:00+00:00,1.343,1.3449,1.3402,1.341,1589138.2
2026-03-08 23:55:00+00:00,1.3411,1.3424,1.3382,1.3392,3592824.6
2026-03-09 00:00:00+00:00,1.3392,1.3427,1.339,1.3422,3136480.2
2026-03-09 00:05:00+00:00,1.3421,1.3478,1.3421,1.3469,3073561.1
2026-03-09 00:10:00+00:00,1.3468,1.3501,1.3466,1.3487,4721838.1
2026-03-09 00:15:00+00:00,1.3488,1.3516,1.3457,1.3458,4247120.8
2026-03-09 00:20:00+00:00,1.3458,1.3462,1.3393,1.3397,4277677.5
2026-03-09 00:25:00+00:00,1.3397,1.3474,1.3377,1.3465,5682206.4
2026-03-09 00:30:00+00:00,1.3465,1.3544,1.3465,1.3525,4938756.1
2026-03-09 00:35:00+00:00,1.3526,1.3598,1.3525,1.3537,5002745.4
2026-03-09 00:40:00+00:00,1.3536,1.354,1.3505,1.3515,2344382.1
2026-03-09 00:45:00+00:00,1.3516,1.3543,1.35,1.3504,3758596.7
2026-03-09 00:50:00+00:00,1.3504,1.3526,1.3476,1.3481,1334936.4
2026-03-09 00:55:00+00:00,1.3481,1.3491,1.3471,1.348,954891.6
2026-03-09 01:00:00+00:00,1.3481,1.3489,1.3442,1.3449,1460425.3
2026-03-09 01:05:00+00:00,1.345,1.3457,1.3419,1.3427,3152516.0
2026-03-09 01:10:00+00:00,1.3427,1.3461,1.3417,1.3452,1758892.0
2026-03-09 01:15:00+00:00,1.3453,1.351,1.3449,1.3481,2437061.7
2026-03-09 01:20:00+00:00,1.348,1.35,1.3452,1.3492,1745242.4
2026-03-09 01:25:00+00:00,1.3492,1.3516,1.3476,1.3479,1501131.4
2026-03-09 01:30:00+00:00,1.3478,1.353,1.3448,1.3505,2786620.1
2026-03-09 01:35:00+00:00,1.3505,1.352,1.3488,1.3494,1247185.3
2026-03-09 01:40:00+00:00,1.3495,1.3505,1.3483,1.3503,809495.3
2026-03-09 01:45:00+00:00,1.3503,1.3508,1.3472,1.3477,753563.3
2026-03-09 01:50:00+00:00,1.3477,1.3479,1.346,1.346,779965.0
2026-03-09 01:55:00+00:00,1.346,1.3468,1.3405,1.341,2724326.1
2026-03-09 02:00:00+00:00,1.3411,1.3434,1.3403,1.3405,1658944.4
2026-03-09 02:05:00+00:00,1.3405,1.3454,1.3385,1.3434,2295684.7
2026-03-09 02:10:00+00:00,1.3434,1.3464,1.3406,1.3412,1898593.0
2026-03-09 02:15:00+00:00,1.3412,1.3412,1.3382,1.3395,2264955.3
2026-03-09 02:20:00+00:00,1.3396,1.3423,1.3385,1.3414,1340665.3
2026-03-09 02:25:00+00:00,1.3414,1.3416,1.3385,1.3385,940498.9
2026-03-09 02:30:00+00:00,1.3385,1.3404,1.3366,1.3396,2201810.4
2026-03-09 02:35:00+00:00,1.3396,1.3489,1.3391,1.3454,4169751.1
2026-03-09 02:40:00+00:00,1.3454,1.348,1.3448,1.3473,1779125.8
2026-03-09 02:45:00+00:00,1.3473,1.3486,1.3462,1.3485,1346666.8
2026-03-09 02:50:00+00:00,1.3486,1.3493,1.3474,1.3477,2019148.3
2026-03-09 02:55:00+00:00,1.3476,1.349,1.3451,1.3453,1553898.1
2026-03-09 03:00:00+00:00,1.3452,1.3533,1.3443,1.3521,3317755.7
2026-03-09 03:05:00+00:00,1.3521,1.3575,1.3503,1.3563,4452680.8
2026-03-09 03:10:00+00:00,1.3563,1.3635,1.3561,1.3611,11952300.2
2026-03-09 03:15:00+00:00,1.3612,1.3648,1.3592,1.3633,6982426.6
2026-03-09 03:20:00+00:00,1.3634,1.3647,1.3528,1.3538,5772012.5
2026-03-09 03:25:00+00:00,1.3539,1.3558,1.3531,1.3553,1884709.0
2026-03-09 03:30:00+00:00,1.3553,1.3569,1.3545,1.3556,2274253.8
2026-03-09 03:35:00+00:00,1.3555,1.3556,1.352,1.3522,2205890.0
2026-03-09 03:40:00+00:00,1.3522,1.3524,1.35,1.3505,1827014.0
2026-03-09 03:45:00+00:00,1.3505,1.3514,1.3489,1.3491,1806065.5
2026-03-09 03:50:00+00:00,1.3491,1.3516,1.3474,1.3482,2195096.6
2026-03-09 03:55:00+00:00,1.3482,1.3502,1.3478,1.3496,1304432.2
2026-03-09 04:00:00+00:00,1.3496,1.3519,1.3492,1.3507,2309749.3
2026-03-09 04:05:00+00:00,1.3508,1.3525,1.3504,1.3507,1515626.0
2026-03-09 04:10:00+00:00,1.3507,1.3526,1.3495,1.3506,1443946.2
2026-03-09 04:15:00+00:00,1.3506,1.3522,1.3494,1.3513,1211267.9
2026-03-09 04:20:00+00:00,1.3513,1.3542,1.351,1.3523,2262798.3
2026-03-09 04:25:00+00:00,1.3522,1.3551,1.3522,1.3542,2406068.6
2026-03-09 04:30:00+00:00,1.3542,1.3542,1.3515,1.3525,1166584.0
2026-03-09 04:35:00+00:00,1.3525,1.353,1.3506,1.3511,768605.5
2026-03-09 04:40:00+00:00,1.3511,1.3515,1.349,1.3503,1716601.6
2026-03-09 04:45:00+00:00,1.3503,1.351,1.3495,1.3505,567004.5
2026-03-09 04:50:00+00:00,1.3505,1.3512,1.3478,1.3481,1158126.5
2026-03-09 04:55:00+00:00,1.3481,1.3481,1.3429,1.3434,3454312.6
2026-03-09 05:00:00+00:00,1.3435,1.3442,1.342,1.3436,3365853.1
2026-03-09 05:05:00+00:00,1.3436,1.3445,1.342,1.3433,2175421.4
2026-03-09 05:10:00+00:00,1.3433,1.3434,1.3409,1.3433,1927544.5
2026-03-09 05:15:00+00:00,1.3433,1.3452,1.3431,1.3444,1287335.8
2026-03-09 05:20:00+00:00,1.3443,1.3486,1.3438,1.3449,2962120.6
2026-03-09 05:25:00+00:00,1.345,1.346,1.3435,1.3442,2216166.4
2026-03-09 05:30:00+00:00,1.3443,1.3492,1.3426,1.3476,4205930.6
2026-03-09 05:35:00+00:00,1.3475,1.3476,1.3449,1.3468,3141189.6
2026-03-09 05:40:00+00:00,1.3468,1.3563,1.3462,1.3535,6488102.3
2026-03-09 05:45:00+00:00,1.3535,1.3577,1.3505,1.3575,5012696.0
2026-03-09 05:50:00+00:00,1.3576,1.3579,1.3522,1.3525,5835230.7
2026-03-09 05:55:00+00:00,1.3526,1.3548,1.3523,1.3543,2745309.2
2026-03-09 06:00:00+00:00,1.3543,1.355,1.3523,1.354,2473955.5
2026-03-09 06:05:00+00:00,1.354,1.354,1.3513,1.3519,1885600.9
2026-03-09 06:10:00+00:00,1.352,1.3551,1.3514,1.3536,4080117.8
2026-03-09 06:15:00+00:00,1.3536,1.3579,1.3525,1.355,2384031.3
2026-03-09 06:20:00+00:00,1.3549,1.355,1.3525,1.3537,1694244.7
2026-03-09 06:25:00+00:00,1.3537,1.3547,1.3514,1.3515,961759.3
2026-03-09 06:30:00+00:00,1.3515,1.3529,1.3507,1.3515,1036972.4
2026-03-09 06:35:00+00:00,1.3515,1.3517,1.3482,1.3484,1256753.2
2026-03-09 06:40:00+00:00,1.3483,1.3483,1.3435,1.3448,2495634.4
2026-03-09 06:45:00+00:00,1.3448,1.3457,1.3441,1.3451,2203370.6
2026-03-09 06:50:00+00:00,1.345,1.3465,1.3438,1.345,1747888.4
2026-03-09 06:55:00+00:00,1.3451,1.3454,1.3434,1.344,811034.2
2026-03-09 07:00:00+00:00,1.344,1.3444,1.3403,1.3416,3360266.4
2026-03-09 07:05:00+00:00,1.3416,1.3417,1.3392,1.3408,3751577.6
2026-03-09 07:10:00+00:00,1.3407,1.3441,1.3378,1.3382,6323605.4
2026-03-09 07:15:00+00:00,1.3382,1.3392,1.3319,1.334,7053889.1
2026-03-09 07:20:00+00:00,1.334,1.3393,1.3339,1.338,2924368.7
2026-03-09 07:25:00+00:00,1.3379,1.3404,1.3368,1.3368,1658730.5
2026-03-09 07:30:00+00:00,1.3369,1.3388,1.3363,1.3374,1896671.3
2026-03-09 07:35:00+00:00,1.3374,1.3397,1.3364,1.3379,3155191.3
2026-03-09 07:40:00+00:00,1.338,1.34,1.3377,1.3381,1154463.2
2026-03-09 07:45:00+00:00,1.3381,1.3398,1.3369,1.3393,1347465.7
2026-03-09 07:50:00+00:00,1.3394,1.3399,1.3369,1.3392,1001304.6
2026-03-09 07:55:00+00:00,1.3393,1.3405,1.3384,1.3398,1225497.7
2026-03-09 08:00:00+00:00,1.3398,1.3415,1.3388,1.3392,2202747.2
2026-03-09 08:05:00+00:00,1.3391,1.3434,1.3383,1.3428,2016076.6
2026-03-09 08:10:00+00:00,1.3428,1.3434,1.3401,1.3425,1612762.3
2026-03-09 08:15:00+00:00,1.3425,1.344,1.34,1.3421,1051291.0
2026-03-09 08:20:00+00:00,1.3422,1.3472,1.3415,1.3449,2404611.1
2026-03-09 08:25:00+00:00,1.3449,1.3459,1.344,1.345,1734002.2
2026-03-09 08:30:00+00:00,1.3449,1.3466,1.3444,1.3465,1094511.3
2026-03-09 08:35:00+00:00,1.3465,1.3474,1.3431,1.3433,1406031.4
2026-03-09 08:40:00+00:00,1.3433,1.3437,1.3408,1.3421,1643918.3
2026-03-09 08:45:00+00:00,1.3421,1.3448,1.3415,1.3431,1109767.9
2026-03-09 08:50:00+00:00,1.3431,1.3454,1.3429,1.345,633726.5
2026-03-09 08:55:00+00:00,1.3451,1.3457,1.3441,1.3452,491023.3
2026-03-09 09:00:00+00:00,1.3453,1.3457,1.344,1.3447,878265.7
2026-03-09 09:05:00+00:00,1.3447,1.3451,1.34,1.3417,2348848.4
2026-03-09 09:10:00+00:00,1.3416,1.3417,1.341,1.3415,78243.0
